{
    "objectId": "688de3ed-56e2-4509-914d-8b72bd1d9cbc",
    "creationDate": 1515750034132,
    "lastUpdate": 1515750034132,
    "uri": "https://sportello.comune.trento.it/modulistica/moduli/M1876-ISCRIZIONE-NIDO_v2.0",
    "profileTypes": [],
    "model": {
        "context": {},
        "blocks": [
            {
                "id": "block1",
                "type": "BLOCK",
                "xpath": "(//*[contains(@class, 'simpatico-block')])[1]",
                "tags": [],
                "fields": [
                    "AventeTitolo_CodiceFiscale"
                ],
                "blocks": [],
                "dependencies": [],
                "condition": null,
                "completed": "(context['AventeTitolo_CodiceFiscale'] != null) && (context['AventeTitolo_CodiceFiscale'] != '')",
                "description": {
                    "it": "Una volta effettuato l’accesso con la carta dei servizi, premendo il pulsante <i>“Carica dati personali”</i> le informazioni anagrafiche verranno caricate automaticamente.<br>Verificare i dati e compilare eventuali voci mancanti.<br>NOTA: Se il richiedente non risiede nell'Unione Europea, selezionare come provincia di residenza l'opzione <i>“EE”</i> e inserire la nazione di residenza nel campo “Comune”.<br><br><b>ATTENZIONE! I campi evidenziati in arancione sono obbligatori.</b><br><br>Una volta compilati tutti i campi premere il pulsante <i>“SUCCESSIVO”</i> per proseguire."
                }
            },
            {
                "id": "block2",
                "type": "BLOCK",
                "xpath": "(//*[contains(@class, 'simpatico-block')])[2]",
                "tags": [],
                "fields": [
                    "AventeTitolo_RuoloRichiedente"
                ],
                "blocks": [],
                "dependencies": [
                    "block1"
                ],
                "condition": null,
                "completed": "context['AventeTitolo_RuoloRichiedente'] != null",
                "description": {
                    "it": "Indicare il ruolo ricoperto nei confronti del bambino/a che si intende iscrivere al nido d’infanzia."
                }
            },
            {
                "id": "block3",
                "type": "BLOCK",
                "xpath": "(//*[contains(@class, 'simpatico-block')])[3]",
                "tags": [],
                "fields": [
                    "Tassonomia_CF1",
                    "Tassonomia_CF2",
                    "Tassonomia_CF3"
                ],
                "blocks": [],
                "dependencies": [],
                "condition": "context['AventeTitolo_RuoloRichiedente']=='affidatario' || context['AventeTitolo_RuoloRichiedente']=='preadottivo'|| context['AventeTitolo_RuoloRichiedente']=='padre'|| context['AventeTitolo_RuoloRichiedente']=='madre'|| context['AventeTitolo_RuoloRichiedente']=='tutore'",
                "completed": "context['Tassonomia_CF1'] != null || context['Tassonomia_CF2'] != null || context['Tassonomia_CF3'] != null",
                "description": {
                    "it": "Indicare il bambino/a da iscrivere.<ul><li>Se risulta residente con chi presenta la domanda scegliere l’opzione <i>“appartiene al mio nucleo familiare”</i>, quindi aprire il menu a tendina e indicare il bambino/a da iscrivere;</li><li>se <b>NON</b> appartiene al nucleo familiare di chi presenta la domanda scegliere una delle altre opzioni.</li></ul><b>NB: è obbligatoria la scelta di una delle opzioni</b>"
                }
            },
            {
                "id": "block4",
                "type": "BLOCK",
                "xpath": "(//*[contains(@class, 'simpatico-block')])[4]",
                "tags": [],
                "fields": [
                    "Tassonomia_CF1",
                    "Tassonomia_CF2",
                    "Tassonomia_CF3"
                ],
                "blocks": [],
                "dependencies": [
                    "block3"
                ],
                "condition": "context['Tassonomia_CF1'] != null || context['Tassonomia_CF2'] != null || context['Tassonomia_CF3'] != null",
                "completed": null,
                "description": {
                    "it": "Verificare la correttezza dei dati anagrafici del bambino/a."
                }
            },
            {
                "id": "block5",
                "type": "BLOCK",
                "xpath": "(//*[contains(@class, 'simpatico-block')])[5]",
                "tags": [],
                "fields": [
                    "Modulo_Compilabile1",
                    "Modulo_Compilabile2",
                    "Controllo_iterFP"
                ],
                "blocks": [],
                "dependencies": [
                    "block4"
                ],
                "condition": "context['Tassonomia_CF1'] != null || context['Tassonomia_CF2'] != null || context['Tassonomia_CF3'] != null",
                "completed": "context['Modulo_Compilabile1'] != null",
                "description": {
                    "it": "Controllo ammissibilità della domanda."
                }
            },
            {
                "id": "block6",
                "type": "BLOCK",
                "xpath": "(//*[contains(@class, 'simpatico-block')])[6]",
                "tags": [],
                "fields": [
                    "Modulo_Compilabile1"
                ],
                "blocks": [],
                "dependencies": [
                    "block5"
                ],
                "condition": "context['Modulo_Compilabile1'] != null",
                "completed": null,
                "description": {
                    "it": "Premere il pulsante <i>“Recupera dati famiglia”</i> per caricare i dati anagrafici familiari necessari alla domanda di iscrizione, quindi premere il pulsante <i>“SUCCESSIVO”</i> per proseguire."
                }
            },
            {
                "id": "block7",
                "type": "BLOCK",
                "xpath": "(//*[contains(@class, 'simpatico-block')])[7]",
                "tags": [],
                "fields": [],
                "blocks": [],
                "dependencies": [
                    "block6"
                ],
                "condition": null,
                "completed": null,
                "description": {
                    "it": "La tabella mostra l’elenco dei componenti del nucleo familiare che, secondo l’anagrafe comunale, risultano residenti con il bambino/a.<br><b>Indicare il grado di parentela di ciascun individuo rispetto al bambino/a che si intende iscrivere.</b><br>Relativamente al bambino/a da iscrivere selezionare l’opzione <i>“Bambino/a da iscrivere”</i>.<br>Nel caso in cui il richiedente sia l’affidatario/a o l’affidatario/a preadottivo la tabella mostra l’elenco dei componenti del nucleo familiare del richiedente con esso residenti.<br><br><b>NOTA: qualunque altro membro del nucleo familiare residente con il bambino, che non sia un genitore/compagno convivente o un fratello/sorella, va identificato con il grado di parentela <i>“Altro”</i>.</b>"
                }
            },
            {
                "id": "block8",
                "type": "BLOCK",
                "xpath": "(//*[contains(@class, 'simpatico-block')])[8]",
                "tags": [],
                "fields": [],
                "blocks": [],
                "dependencies": [
                    "block7"
                ],
                "condition": null,
                "completed": null,
                "description": {
                    "it": "Inserire i dati di altri eventuali componenti del nucleo familiare NON residenti con il bambino/a,<b> indicando il grado di parentela di ciascun individuo rispetto al bambino/a che si intende iscrivere.</b><br><br>NB: Nel caso di nucleo familiare non monoparentale devono essere qui inseriti i dati del padre/compagno convivente e/o della madre/compagna convivente che non risiede con il bambino. Se inoltre tale genitore non risiede nell'Unione Europea, selezionare come provincia di residenza l'opzione <i>“EE”</i> e inserire la nazione di residenza nel campo “Comune”.<br><b>Nel caso in cui il richiedente sia il genitore non residente con il bambino, le prime righe della tabella si compilano in automatico con i dati del richiedente inseriti a inizio modulo.</b>"
                }
            },
            {
                "id": "block9",
                "type": "BLOCK",
                "xpath": "(//*[contains(@class, 'simpatico-block')])[9]",
                "tags": [],
                "fields": [
                    "Tassonomia_ICEF1",
                    "Tassonomia_ICEF2"
                ],
                "blocks": [],
                "dependencies": [
                    "block8"
                ],
                "condition": null,
                "completed": "context['Tassonomia_ICEF1']=='1' || context['Tassonomia_ICEF2']=='2'",
                "description": {
                    "it": "Indicare la volontà di avvalersi o meno dell’attestazione ICEF.<br>In caso di risposta affermativa i dati verranno caricati automaticamente.<br><br><b>ATTENZIONE! Vengono accettate SOLO le attestazioni ICEF effettuate a partire dal 1 Luglio 2017</b>."
                }
            },
            {
                "id": "block10",
                "type": "BLOCK",
                "xpath": "(//*[contains(@class, 'simpatico-block')])[10]",
                "tags": [],
                "fields": [
                    "Tassonomia_ICEF1",
                    "Tassonomia_ICEF2"
                ],
                "blocks": [],
                "dependencies": [
                    "block9"
                ],
                "condition": "context['Tassonomia_ICEF1']=='1'",
                "completed": null,
                "description": {
                    "it": "Sono qui mostrati i dati risultanti dall’attestazione ICEF. Verificarne la correttezza e inserire eventuali osservazioni nell’apposito campo.<br><b>Se l’attestazione risulta antecedente il 1/7/2017 non produrrà punteggio ai fini del calcolo della graduatoria.</b>"
                }
            },
            {
                "id": "block11",
                "type": "BLOCK",
                "xpath": "(//*[contains(@class, 'simpatico-block')])[11]",
                "tags": [],
                "fields": [
                    "Tassonomia_FullTime",
                    "Tassonomia_PartTime"
                ],
                "blocks": [],
                "dependencies": [
                    "block9"
                ],
                "condition": null,
                "completed": "context['Tassonomia_FullTime']=='FT' || context['Tassonomia_PartTime']=='PT'",
                "description": {
                    "it": "Indicare se si intende iscrivere il bambino/a ai nidi che offrono il servizio a tempo pieno e/o a tempo parziale.<br><br><b>NB: è obbligatoria la scelta di almeno una opzione ed è possibile scegliere di fare domanda per entrambi i servizi.</b>"
                }
            },
            {
                "id": "block12",
                "type": "BLOCK",
                "xpath": "(//*[contains(@class, 'simpatico-block')])[12]",
                "tags": [],
                "fields": [
                    "Tassonomia_TipoFrequenza1",
                    "Tassonomia_ICEF1",
                    "Tassonomia_ICEF2"
                ],
                "blocks": [],
                "dependencies": [
                    "block11"
                ],
                "condition": "context['Tassonomia_FullTime']=='FT' && (context['Tassonomia_ICEF1']=='1' || context['Tassonomia_ICEF2']=='2')",
                "completed": null,
                "description": {
                    "it": "In questo blocco il sistema verifica e mostra automaticamente il tipo di richiesta di iscrizione a tempo pieno che si sta effettuando (nuova iscrizione/ variazione/ aggiornamento).<ul><li>Indicare una prima scelta <b>(obbligatoria)</b> tra le strutture appartenenti alla propria area di utenza ed elencate nel menu a tendina.</li><li>E’ inoltre possibile indicare una seconda scelta <i>(opzionale)</i> tra tutte le strutture del territorio.</li><li>Per ciascuna scelta indicare se si intende usufruire dei servizi opzionali proposti dalle relative strutture.<br><b>Se non si vuole usufruire dei servizi opzionali, oppure se non ve ne sono disponibili è obbligatorio selezionare la voce <i>“nessun servizio”</i>.</b></li></ul>E’ inoltre possibile consultare l’elenco dei nidi, distinti per tipologia di servizio, cliccando il link <i>“mappa dei nidi con servizi”</i>."
                }
            },
            {
                "id": "block13",
                "type": "BLOCK",
                "xpath": "(//*[contains(@class, 'simpatico-block')])[13]",
                "tags": [],
                "fields": [
                    "Tassonomia_TipoFrequenza2"
                ],
                "blocks": [],
                "dependencies": [
                    "block11"
                ],
                "condition": "context['Tassonomia_PartTime']=='PT' && (context['Tassonomia_ICEF1']=='1' || context['Tassonomia_ICEF2']=='2')",
                "completed": null,
                "description": {
                    "it": "In questo blocco il sistema verifica e mostra automaticamente il tipo di richiesta di iscrizione a tempo parziale che si sta effettuando (nuova iscrizione/ variazione/ aggiornamento).<ul><li>Indicare una prima scelta <b>(obbligatoria)</b> tra le strutture elencate nel menu a tendina.</li><li>E’ inoltre possibile indicare una seconda scelta <i>(opzionale)</i>.</li><li>Per ciascuna scelta indicare se si intende usufruire dei servizi opzionali proposti dalle relative strutture.<br><b><i>Se non si vuole usufruire dei servizi opzionali, oppure se non ve ne sono disponibili è obbligatorio selezionare la voce “nessun servizio”</i>.</b></li></ul>E’ inoltre possibile consultare l’elenco dei nidi, distinti per tipologia di servizio, cliccando il link <i>“mappa dei nidi con servizi”</i>."
                }
            },
            {
                "id": "block14",
                "type": "BLOCK",
                "xpath": "(//*[contains(@class, 'simpatico-block')])[14]",
                "tags": [],
                "fields": [],
                "blocks": [],
                "dependencies": [],
                "condition": "context['Tassonomia_TipoFrequenza1']=='FT' || context['Tassonomia_TipoFrequenza2']=='PT'",
                "completed": null,
                "description": {
                    "it": "La presente domanda verrà inserita nella graduatoria annuale per le ammissioni al nido dei bambini a partire dal prossimo anno educativo. Se si intende essere contattati già nell'anno educativo in corso, indicare il mese a partire dal quale si dà la disponibilità per un eventuale inserimento del bambino al nido."
                }
            },
            {
                "id": "block15",
                "type": "BLOCK",
                "xpath": "(//*[contains(@class, 'simpatico-block')])[15]",
                "tags": [],
                "fields": [],
                "blocks": [],
                "dependencies": [
                    "block14"
                ],
                "condition": null,
                "completed": null,
                "description": {
                    "it": "Dopo la pubblicazione della graduatoria annuale se il bambino non è stato assegnato per nessuna delle scelte indicate in sede di domanda, dando la disponibilità si verrà contattati per l’accettazione di posti eventualmente rimasti liberi in qualsiasi nido del territorio comunale."
                }
            },
            {
                "id": "block16",
                "type": "BLOCK",
                "xpath": "(//*[contains(@class, 'simpatico-block')])[16]",
                "tags": [],
                "fields": [],
                "blocks": [],
                "dependencies": [
                    "block15"
                ],
                "condition": null,
                "completed": null,
                "description": {
                    "it": "Indicare una tra le possibili opzioni.<br>In caso si scelga di dare autorizzazione alle comunicazioni via SMS, <b>il campo relativo al numero di cellulare NON è compilabile</b>, in quanto viene caricato in automatico dalla sezione anagrafica a inizio modulo.<br>Pertanto, in caso di errore, modificare il numero inserito nella sezione anagrafica a inizio modulo."
                }
            },
            {
                "id": "block17",
                "type": "BLOCK",
                "xpath": "(//*[contains(@class, 'simpatico-block')])[17]",
                "tags": [],
                "fields": [],
                "blocks": [],
                "dependencies": [
                    "block16"
                ],
                "condition": null,
                "completed": null,
                "description": {
                    "it": "Indicare una tra le possibili opzioni, <b>dando preferenza, se possibile, alle comunicazioni via mail.</b><br><br><b>NB: QUESTI CAMPI NON SONO COMPILABILI</b>, al momento della scelta vengono caricati in automatico i dati inseriti nella sezione anagrafica a inizio modulo.<br>Pertanto, in caso di errori, o per inserire ulteriori contatti, modificare i dati inseriti nella sezione anagrafica a inizio modulo."
                }
            },
            {
                "id": "block18",
                "type": "BLOCK",
                "xpath": "(//*[contains(@class, 'simpatico-block')])[18]",
                "tags": [],
                "fields": [],
                "blocks": [],
                "dependencies": [
                    "block17"
                ],
                "condition": null,
                "completed": null,
                "description": {
                    "it": "Indicare un recapito alternativo sul quale si desidera ricevere comunicazioni."
                }
            },
            {
                "id": "block19",
                "type": "BLOCK",
                "xpath": "(//*[contains(@class, 'simpatico-block')])[19]",
                "tags": [],
                "fields": [],
                "blocks": [],
                "dependencies": [
                    "block18"
                ],
                "condition": null,
                "completed": null,
                "description": {
                    "it": "Inizio della parte di modulo inerente la situazione del bambino/a e/o del nucleo familiare."
                }
            },
            {
                "id": "block20",
                "type": "BLOCK",
                "xpath": "(//*[contains(@class, 'simpatico-block')])[20]",
                "tags": [],
                "fields": [],
                "blocks": [],
                "dependencies": [
                    "block19"
                ],
                "condition": null,
                "completed": null,
                "description": {
                    "it": "Indicare se il bambino/a presenta/non presenta una situazione di disabilità certificata e in caso affermativo compilare i campi richiesti."
                }
            },
            {
                "id": "block21",
                "type": "BLOCK",
                "xpath": "(//*[contains(@class, 'simpatico-block')])[21]",
                "tags": [],
                "fields": [],
                "blocks": [],
                "dependencies": [
                    "block20"
                ],
                "condition": null,
                "completed": null,
                "description": {
                    "it": "Indicare se il nucleo è/non è seguito dai servizi sociali e in caso affermativo compilare i campi richiesti."
                }
            },
            {
                "id": "block22",
                "type": "BLOCK",
                "xpath": "(//*[contains(@class, 'simpatico-block')])[22]",
                "tags": [],
                "fields": [],
                "blocks": [],
                "dependencies": [
                    "block21"
                ],
                "condition": null,
                "completed": null,
                "description": {
                    "it": "Indicare se nel nucleo sono/non sono presenti uno o più componenti in situazione di disabilità certificata e in caso affermativo compilare i campi richiesti.<br><br>NOTA: I valori percentuali di disabilità certificata accettati vanno da 0 a 99, pertanto <b>nei casi di disabilità pari o superiori al 99%, inserire il valore 99.</b>"
                }
            },
            {
                "id": "block23",
                "type": "BLOCK",
                "xpath": "(//*[contains(@class, 'simpatico-block')])[23]",
                "tags": [],
                "fields": [
                    "Tassonomia_NoPadre",
                    "Tassonomia_NoMadre",
                    "Tassonomia_TipoNucleo2"
                ],
                "blocks": [],
                "dependencies": [
                    "block22"
                ],
                "condition": null,
                "completed": null,
                "description": {
                    "it": "Indicare se il nucleo familiare è/non è monoparentale. <br>Si definisce nucleo “monoparentale” quando il genitore vive effettivamente solo con il bambino/a a seguito della sussistenza di una delle condizioni elencate.<br>Il nucleo dove sono presenti entrambi i genitori, seppure con residenze diverse, non è considerato monoparentale."
                }
            },
            {
                "id": "block24",
                "type": "BLOCK",
                "xpath": "(//*[contains(@class, 'simpatico-block')])[24]",
                "tags": [],
                "fields": [],
                "blocks": [],
                "dependencies": [
                    "block23"
                ],
                "condition": null,
                "completed": null,
                "description": {
                    "it": "Inizio della parte di modulo inerente la situazione lavorativa del padre/convivente."
                }
            },
            {
                "id": "block25",
                "type": "BLOCK",
                "xpath": "(//*[contains(@class, 'simpatico-block')])[25]",
                "tags": [],
                "fields": [
                    "Tassonomia_NoPadre"
                ],
                "blocks": [],
                "dependencies": [
                    "block24"
                ],
                "condition": "(context['AventeTitolo_RuoloRichiedente']=='madre' && context['Tassonomia_TipoNucleo2'])",
                "completed": null,
                "description": {
                    "it": "Opzione selezionata in automatico avendo precedentemente dichiarato un nucleo familiare monoparentale."
                }
            },
            {
                "id": "block26",
                "type": "BLOCK",
                "xpath": "(//*[contains(@class, 'simpatico-block')])[26]",
                "tags": [],
                "fields": [
                    "Tassonomia_TipoLavoroPadre3",
                    "Tassonomia_TipoLavoroPadre2",
                    "Tassonomia_TipoLavoroPadre1"
                ],
                "blocks": [],
                "dependencies": [
                    "block24"
                ],
                "condition": "context['AventeTitolo_RuoloRichiedente']=='padre' || (context['AventeTitolo_RuoloRichiedente']=='madre' && context['Tassonomia_TipoNucleo2']==null)",
                "completed": "context['Tassonomia_TipoLavoroPadre3']=='3' || context['Tassonomia_TipoLavoroPadre2']=='2' || context['Tassonomia_TipoLavoroPadre1']=='1'",
                "description": {
                    "it": "Indicare la situazione lavorativa del padre/compagno convivente.<br><br><b>NB: è obbligatoria la scelta di una delle opzioni.<br>Qualora non si conosca la situazione lavorativa selezionare l’opzione <i>“non occupato”</i>."
                }
            },
            {
                "id": "block27",
                "type": "BLOCK",
                "xpath": "(//*[contains(@class, 'simpatico-block')])[27]",
                "tags": [],
                "fields": [
                    "Tassonomia_TipoLavoroPadre3"
                ],
                "blocks": [],
                "dependencies": [
                    "block26"
                ],
                "condition": "context['Tassonomia_TipoLavoroPadre3']=='3'",
                "completed": null,
                "description": {
                    "it": "Specificare se il padre/convivente è lavoratore dipendente o autonomo e <b>OBBLIGATORIAMENTE</b> l’articolazione oraria (ovvero il numero di ore lavorate settimanali); quindi indicare se sussistono eventuali disagi di lavoro.<br><br><b>NB: nel caso di lavoratore dipendente si richiede di inserire il recapito telefonico o la mail dell’azienda (NON i recapiti del lavoratore)."
                }
            },
            {
                "id": "block28",
                "type": "BLOCK",
                "xpath": "(//*[contains(@class, 'simpatico-block')])[28]",
                "tags": [],
                "fields": [
                    "Tassonomia_TipoLavoroPadre2"
                ],
                "blocks": [],
                "dependencies": [
                    "block26"
                ],
                "condition": "context['Tassonomia_TipoLavoroPadre2']=='2'",
                "completed": null,
                "description": {
                    "it": "Specificare la scuola/università o l’istituto formativo presso cui risulta iscritto il padre/convivente; quindi indicare se sussistono eventuali disagi per motivi di studio."
                }
            },
            {
                "id": "block29",
                "type": "BLOCK",
                "xpath": "(//*[contains(@class, 'simpatico-block')])[29]",
                "tags": [],
                "fields": [
                    "Tassonomia_TipoLavoroPadre1"
                ],
                "blocks": [],
                "dependencies": [
                    "block26"
                ],
                "condition": "context['Tassonomia_TipoLavoroPadre1']=='1'",
                "completed": null,
                "description": {
                    "it": "Specificare se il padre/convivente è iscritto o meno al centro per l'impiego e indicarne sede e recapito telefonico.<br>Qualora non si conosca la situazione lavorativa del padre/convivente selezionare l’opzione <i>“non iscritto ad un centro per l’impiego”</i>."
                }
            },
            {
                "id": "block30",
                "type": "BLOCK",
                "xpath": "(//*[contains(@class, 'simpatico-block')])[30]",
                "tags": [],
                "fields": [
                    "Tassonomia_NoPadre",
                    "Tassonomia_TipoLavoroPadre3",
                    "Tassonomia_TipoLavoroPadre2",
                    "Tassonomia_TipoLavoroPadre1"
                ],
                "blocks": [],
                "dependencies": [
                    "block23"
                ],
                "condition": "context['Tassonomia_TipoLavoroPadre3']=='3' || context['Tassonomia_TipoLavoroPadre2']=='2' || context['Tassonomia_TipoLavoroPadre1']=='1' || context['Tassonomia_NoPadre'] == '1'",
                "completed": null,
                "description": {
                    "it": "Inizio della parte di modulo inerente la situazione lavorativa della madre/convivente."
                }
            },
            {
                "id": "block31",
                "type": "BLOCK",
                "xpath": "(//*[contains(@class, 'simpatico-block')])[31]",
                "tags": [],
                "fields": [
                    "Tassonomia_NoMadre"
                ],
                "blocks": [],
                "dependencies": [
                    "block30"
                ],
                "condition": "(context['AventeTitolo_RuoloRichiedente']=='padre' && context['Tassonomia_TipoNucleo2'])",
                "completed": null,
                "description": {
                    "it": "Opzione selezionata in automatico avendo precedentemente dichiarato un nucleo familiare monoparentale."
                }
            },
            {
                "id": "block32",
                "type": "BLOCK",
                "xpath": "(//*[contains(@class, 'simpatico-block')])[32]",
                "tags": [],
                "fields": [
                    "Tassonomia_TipoLavoroMadre3",
                    "Tassonomia_TipoLavoroMadre2",
                    "Tassonomia_TipoLavoroMadre1"
                ],
                "blocks": [],
                "dependencies": [
                    "block30"
                ],
                "condition": "context['AventeTitolo_RuoloRichiedente']=='madre' || (context['AventeTitolo_RuoloRichiedente']=='padre' && context['Tassonomia_TipoNucleo2']==null)",
                "completed": "context['Tassonomia_TipoLavoroMadre3'] =='3' || context['Tassonomia_TipoLavoroMadre2'] =='2' || context['Tassonomia_TipoLavoroMadre1'] =='1'",
                "description": {
                    "it": "Indicare la situazione lavorativa della madre/compagna convivente.<br><b>NB: è obbligatoria la scelta di una delle opzioni.<br>Qualora non si conosca la situazione lavorativa selezionare l’opzione <i>“non occupata”</i>."
                }
            },
            {
                "id": "block33",
                "type": "BLOCK",
                "xpath": "(//*[contains(@class, 'simpatico-block')])[33]",
                "tags": [],
                "fields": [
                    "Tassonomia_TipoLavoroMadre3"
                ],
                "blocks": [],
                "dependencies": [
                    "block30"
                ],
                "condition": "context['Tassonomia_TipoLavoroMadre3']=='3'",
                "completed": null,
                "description": {
                    "it": "Specificare se la madre/convivente è lavoratrice dipendente o autonoma e <b>OBBLIGATORIAMENTE</b> l’articolazione oraria (ovvero il numero di ore lavorate settimanali); quindi indicare se sussistono eventuali disagi di lavoro.<br><br><b>NB: nel caso di lavoratrice dipendente si richiede di inserire il recapito telefonico o la mail dell’azienda (NON i recapiti della lavoratrice)."
                }
            },
            {
                "id": "block34",
                "type": "BLOCK",
                "xpath": "(//*[contains(@class, 'simpatico-block')])[34]",
                "tags": [],
                "fields": [
                    "Tassonomia_TipoLavoroMadre2"
                ],
                "blocks": [],
                "dependencies": [
                    "block30"
                ],
                "condition": "context['Tassonomia_TipoLavoroMadre2']=='2'",
                "completed": null,
                "description": {
                    "it": "Specificare la scuola/università o l’istituto formativo presso cui risulta iscritta la madre/convivente; quindi indicare se sussistono eventuali disagi per motivi di studio."
                }
            },
            {
                "id": "block35",
                "type": "BLOCK",
                "xpath": "(//*[contains(@class, 'simpatico-block')])[35]",
                "tags": [],
                "fields": [
                    "Tassonomia_TipoLavoroMadre1"
                ],
                "blocks": [],
                "dependencies": [
                    "block30"
                ],
                "condition": "context['Tassonomia_TipoLavoroMadre1']=='1'",
                "completed": null,
                "description": {
                    "it": "Specificare se la madre/convivente è iscritta o meno al centro per l'impiego e indicarne sede e recapito telefonico.<br>Qualora non si conosca la situazione lavorativa della madre/convivente selezionare l’opzione <i>“non iscritta ad un centro per l’impiego”</i>."
                }
            },
            {
                "id": "block36",
                "type": "BLOCK",
                "xpath": "(//*[contains(@class, 'simpatico-block')])[36]",
                "tags": [],
                "fields": [
                    "Tassonomia_NoPadre",
                    "Tassonomia_NoMadre",
                    "Tassonomia_TipoLavoroMadre3",
                    "Tassonomia_TipoLavoroMadre2",
                    "Tassonomia_TipoLavoroMadre1"
                ],
                "blocks": [],
                "dependencies": [
                    "block23"
                ],
                "condition": "context['Tassonomia_TipoLavoroMadre3'] =='3' || context['Tassonomia_TipoLavoroMadre2'] =='2' || context['Tassonomia_TipoLavoroMadre1'] =='1' || context['Tassonomia_NoMadre'] == '1' || context['Tassonomia_NoPadre'] == '1'",
                "completed": null,
                "description": {
                    "it": "Leggere attentamente le dichiarazioni riportate in quanto obbligatorie ai fini della presentazione della domanda di iscrizione al nido; quindi premere il pulsante <i>“SUCCESSIVO”</i>."
                }
            },
            {
                "id": "block37",
                "type": "BLOCK",
                "xpath": "//*[@id='firme']",
                "tags": [],
                "fields": [],
                "blocks": [],
                "dependencies": [
                    "block36"
                ],
                "condition": null,
                "completed": null,
                "description": {
                    "it": "Termine presentazione della domanda: specificare luogo e data. Per completare il modulo premere <i>“FINE”</i>. Verificare nuovamente tutti i dati inseriti e premere <b>“Salva modulo”</b>.  Verranno segnalate eventuali mancanze. In tal caso provvedere all’inserimento dei dati mancanti."
                }
            }
        ],
        "fields": [
            {
                "id": "AventeTitolo_CodiceFiscale",
                "xpath": "//*[@id=\"AventeTitolo_CodiceFiscale\"]",
                "mapping": {
                    "key": "AventeTitolo_CodiceFiscale",
                    "binding": "OUT"
                }
            },
            {
                "id": "AventeTitolo_RuoloRichiedente",
                "xpath": "//*[@id=\"AventeTitolo_RuoloRichiedente\"]",
                "mapping": {
                    "key": "AventeTitolo_RuoloRichiedente",
                    "binding": "OUT"
                }
            },
            {
                "id": "Tassonomia_FullTime",
                "xpath": "//*[@id=\"Tassonomia_FullTime\"]",
                "mapping": {
                    "key": "Tassonomia_FullTime",
                    "binding": "OUT"
                }
            },
            {
                "id": "Tassonomia_PartTime",
                "xpath": "//*[@id=\"Tassonomia_PartTime\"]",
                "mapping": {
                    "key": "Tassonomia_PartTime",
                    "binding": "OUT"
                }
            },
            {
                "id": "Modulo_Compilabile1",
                "xpath": "//*[@id=\"Modulo_Compilabile1\"]",
                "mapping": {
                    "key": "Modulo_Compilabile1",
                    "binding": "OUT"
                }
            },
            {
                "id": "Controllo_iterFP",
                "xpath": "//*[@id=\"Controllo_iterFP\"]",
                "mapping": {
                    "key": "Controllo_iterFP",
                    "binding": "OUT"
                }
            },
            {
                "id": "Tassonomia_TipoFrequenza1",
                "xpath": "//*[@id=\"Tassonomia_TipoFrequenza1\"]",
                "mapping": {
                    "key": "Tassonomia_TipoFrequenza1",
                    "binding": "OUT"
                }
            },
            {
                "id": "Tassonomia_TipoFrequenza2",
                "xpath": "//*[@id=\"Tassonomia_TipoFrequenza2\"]",
                "mapping": {
                    "key": "Tassonomia_TipoFrequenza2",
                    "binding": "OUT"
                }
            },
            {
                "id": "Tassonomia_ICEF1",
                "xpath": "//*[@id=\"Tassonomia_ICEF1\"]",
                "mapping": {
                    "key": "Tassonomia_ICEF1",
                    "binding": "OUT"
                }
            },
            {
                "id": "Tassonomia_ICEF2",
                "xpath": "//*[@id=\"Tassonomia_ICEF2\"]",
                "mapping": {
                    "key": "Tassonomia_ICEF2",
                    "binding": "OUT"
                }
            },
            {
                "id": "Tassonomia_TipoNucleo2",
                "xpath": "//*[@id=\"Tassonomia_TipoNucleo2\"]",
                "mapping": {
                    "key": "Tassonomia_TipoNucleo2",
                    "binding": "OUT"
                }
            },
            {
                "id": "Tassonomia_NoPadre",
                "xpath": "//*[@id=\"Tassonomia_NoPadre\"]",
                "mapping": {
                    "key": "Tassonomia_NoPadre",
                    "binding": "OUT"
                }
            },
            {
                "id": "Tassonomia_NoMadre",
                "xpath": "//*[@id=\"Tassonomia_NoMadre\"]",
                "mapping": {
                    "key": "Tassonomia_NoMadre",
                    "binding": "OUT"
                }
            },
            {
                "id": "Tassonomia_CF1",
                "xpath": "//*[@id=\"Tassonomia_CF1\"]",
                "mapping": {
                    "key": "Tassonomia_CF1",
                    "binding": "OUT"
                }
            },
            {
                "id": "Tassonomia_CF2",
                "xpath": "//*[@id=\"Tassonomia_CF2\"]",
                "mapping": {
                    "key": "Tassonomia_CF2",
                    "binding": "OUT"
                }
            },
            {
                "id": "Tassonomia_CF3",
                "xpath": "//*[@id=\"Tassonomia_CF3\"]",
                "mapping": {
                    "key": "Tassonomia_CF3",
                    "binding": "OUT"
                }
            },
            {
                "id": "Tassonomia_TipoLavoroPadre3",
                "xpath": "//*[@id=\"Tassonomia_TipoLavoroPadre3\"]",
                "mapping": {
                    "key": "Tassonomia_TipoLavoroPadre3",
                    "binding": "OUT"
                }
            },
            {
                "id": "Tassonomia_TipoLavoroPadre2",
                "xpath": "//*[@id=\"Tassonomia_TipoLavoroPadre2\"]",
                "mapping": {
                    "key": "Tassonomia_TipoLavoroPadre2",
                    "binding": "OUT"
                }
            },
            {
                "id": "Tassonomia_TipoLavoroPadre1",
                "xpath": "//*[@id=\"Tassonomia_TipoLavoroPadre1\"]",
                "mapping": {
                    "key": "Tassonomia_TipoLavoroPadre1",
                    "binding": "OUT"
                }
            },
            {
                "id": "Tassonomia_TipoLavoroMadre3",
                "xpath": "//*[@id=\"Tassonomia_TipoLavoroMadre3\"]",
                "mapping": {
                    "key": "Tassonomia_TipoLavoroMadre3",
                    "binding": "OUT"
                }
            },
            {
                "id": "Tassonomia_TipoLavoroMadre2",
                "xpath": "//*[@id=\"Tassonomia_TipoLavoroMadre2\"]",
                "mapping": {
                    "key": "Tassonomia_TipoLavoroMadre2",
                    "binding": "OUT"
                }
            },
            {
                "id": "Tassonomia_TipoLavoroMadre1",
                "xpath": "//*[@id=\"Tassonomia_TipoLavoroMadre1\"]",
                "mapping": {
                    "key": "Tassonomia_TipoLavoroMadre1",
                    "binding": "OUT"
                }
            }
        ]
    }
}
