{
    "objectId": "1d12fbc8-f454-435a-ab6b-f0760b3fecd8",
    "creationDate": 1531316644216,
    "lastUpdate": 1531316644216,
    "uri": "https://sportello.comune.trento.it/modulistica/moduli/GEN-LAV-AUTON_v1.0",
    "eserviceId": null,
    "profileTypes": [],
    "model": {
        "context": {},
        "blocks": [
            {
                "id": "block1",
                "type": "BLOCK",
                "xpath": "(//*[contains(@class, 'simpatico-block')])[1]",
                "tags": [],
                "fields": [
                    "AventeTitolo_CodiceFiscale"
                ],
                "blocks": [],
                "dependencies": [],
                "condition": null,
                "completed": "(context['AventeTitolo_CodiceFiscale'] != null) && (context['AventeTitolo_CodiceFiscale'] != '')",
                "description": {
                    "it": "Inserire i dati dell'impresa"
                }
            },
            {
                "id": "block2",
                "type": "BLOCK",
                "xpath": "(//*[contains(@class, 'simpatico-block')])[2]",
                "tags": [],
                "fields": [
                    "AventeTitolo_CodiceFiscale"
                ],
                "blocks": [],
                "dependencies": [
                    "block1"
                ],
                "condition": "(context['AventeTitolo_CodiceFiscale'] != null) && (context['AventeTitolo_CodiceFiscale'] != '')",
                "completed": null,
                "description": {
                    "it": "Selezionare gli allegati all'istanza."
                }
            },
            {
                "id": "block3",
                "type": "BLOCK",
                "xpath": "(//*[contains(@class, 'simpatico-block')])[3]",
                "tags": [],
                "fields": [],
                "blocks": [],
                "dependencies": [],
                "condition": null,
                "completed": null,
                "description": {
                    "it": "Specificare luogo e data. Per completare il modulo premere <i>“FINE”</i>. Verificare nuovamente tutti i dati inseriti e premere <i>“Salva modulo”</i>. Verranno segnalate eventuali mancanze. In tal caso provvedere all’inserimento dei dati mancanti."
                }
            }
        ],
        "fields": [
            {
                "id": "AventeTitolo_CodiceFiscale",
                "xpath": "//*[@id=\"AventeTitolo_CodiceFiscale\"]",
                "mapping": {
                    "key": "AventeTitolo_CodiceFiscale",
                    "binding": "OUT"
                }
            }
        ],
        "description": null,
        "name": null,
        "workflow": null
    }
}
