{
    "objectId": "72b887de-0f7c-4f03-8ffb-add62466fa49",
    "creationDate": 1531144090085,
    "lastUpdate": 1531144090085,
    "uri": "https://sportello.comune.trento.it/modulistica/moduli/M47675-DEPOSITO-DICHIARAZIONI-CONFORMITA-IMPIANTI_v1.0",
    "eserviceId": null,
    "profileTypes": [],
    "model": {
        "context": {},
        "blocks": [
            {
                "id": "block1",
                "type": "BLOCK",
                "xpath": "(//*[contains(@class, 'simpatico-block')])[1]",
                "tags": [],
                "fields": [
                    "Tipo_richiedente1",
                    "Tipo_richiedente2"
                ],
                "blocks": [],
                "dependencies": [],
                "condition": null,
                "completed": "(context['Tipo_richiedente1'] == '1') || (context['Tipo_richiedente2'] == '2')",
                "description": {
                    "it": "Selezionare il titolo a nome del quale verrà compilato il modulo.<br>Nel caso in cui il professionista risulti anche tra i richiedenti selezionare la voce <i>“Proprietario dell'immobile”</i>"
                }
            },
            {
                "id": "block2",
                "type": "BLOCK",
                "xpath": "(//*[contains(@class, 'simpatico-block')])[2]",
                "tags": [],
                "fields": [
                    "Tipo_richiedente1",
                    "Tipo_richiedente2",
                    "Titolare_CodiceFiscale"
                ],
                "blocks": [],
                "dependencies": [
                    "block1"
                ],
                "condition": "(context['Tipo_richiedente1'] == '1') || (context['Tipo_richiedente2'] == '2')",
                "completed": "(context['Titolare_CodiceFiscale'] != null) && (context['Titolare_CodiceFiscale'] != '')",
                "description": {
                    "it": "Una volta effettuato l’accesso con la carta dei servizi, premendo il pulsante <i>“Carica dati personali”</i> le informazioni anagrafiche verranno caricate automaticamente. Verificare i dati e compilare eventuali voci mancanti.<br><br><b>ATTENZIONE:</b> qualora la domanda venga compilata dal professionista, in questa tabella dovranno essere riportati i dati anagrafici del proprietario/comproprietario e non del professionista"
                }
            },
            {
                "id": "block3",
                "type": "BLOCK",
                "xpath": "(//*[contains(@class, 'simpatico-block')])[3]",
                "tags": [],
                "fields": [
                    "Titolare_CodiceFiscale",
                    "Titolare_Ruolo"
                ],
                "blocks": [],
                "dependencies": [
                    "block2"
                ],
                "condition": "(context['Titolare_CodiceFiscale'] != null) && (context['Titolare_CodiceFiscale'] != '')",
                "completed": "context['Titolare_Ruolo'] != null",
                "description": {
                    "it": "Indicare il ruolo ricoperto dal richiedente nel contesto dei lavori da svolgere."
                }
            },
            {
                "id": "block4",
                "type": "BLOCK",
                "xpath": "(//*[contains(@class, 'simpatico-block')])[4]",
                "tags": [],
                "fields": [
                    "Titolare_Ruolo"
                ],
                "blocks": [],
                "dependencies": [
                    "block3"
                ],
                "condition": "context['Titolare_Ruolo']=='Legale rappresentante'|| context['Titolare_Ruolo']=='Amministratore di condominio'",
                "completed": null,
                "description": {
                    "it": "Inserire i dati neccessari al fine di definire la ragione sociale/denominazione per conto della quale si sta eseguendo la richiesta."
                }
            },
            {
                "id": "block5",
                "type": "BLOCK",
                "xpath": "(//*[contains(@class, 'simpatico-block')])[5]",
                "tags": [],
                "fields": [],
                "blocks": [],
                "dependencies": [
                    "block3"
                ],
                "condition": null,
                "completed": null,
                "description": {
                    "it": "Per gli impianti eseguiti in"
                }
            },
            {
                "id": "block6",
                "type": "BLOCK",
                "xpath": "(//*[contains(@class, 'simpatico-block')])[6]",
                "tags": [],
                "fields": [
                  "Immobile_CheckVerificaCatastale",
                  "Immobile_TipoImmobile"
                ],
                "blocks": [],
                "dependencies": [
                    "block5"
                ],
                "condition": null,
                "completed": "context['Immobile_CheckVerificaCatastale'] !=null",
                "description": {
                    "it": "Definire la particella catastale oggetto di intervento e verificarne l'esistenza premendo il pulsante <i>“Controllo particella”</i>.<br>Premere il pulsante <i>“Mappa”</i> per un controllo cartografico dei dati catastali immessi.<br><br>Le diciture <b>intero edificio</b> e <b>porzione di edificio</b> identificano la particella edificiale."
                }
            },
            {
                "id": "block7",
                "type": "BLOCK",
                "xpath": "(//*[contains(@class, 'simpatico-block')])[7]",
                "tags": [],
                "fields": [
                    "Immobile_TipoImmobile",
                    "Localita_part_fondiaria",
                    "Immobile_CheckVerificaCatastale"
                ],
                "blocks": [],
                "dependencies": [
                    "block6"
                ],
                "condition": "context['Immobile_CheckVerificaCatastale'] !=null && context['Immobile_TipoImmobile'] == 'F'",
                "completed": "context['Localita_part_fondiaria'] !=null && context['Localita_part_fondiaria'] != ''",
                "description": {
                    "it": "Inserirne un indirizzo o la località di riferimento della particella fondiaria."
                }
            },
            {
                "id": "block8",
                "type": "BLOCK",
                "xpath": "(//*[contains(@class, 'simpatico-block')])[8]",
                "tags": [],
                "fields": [
                    "Immobile_TipoImmobile",
                    "Immobile_CheckVerificaCatastale",
                    "Immobile_CheckVerificaCivico"
                ],
                "blocks": [],
                "dependencies": [
                    "block6"
                ],
                "condition": "context['Immobile_CheckVerificaCatastale'] !=null && (context['Immobile_TipoImmobile'] == 'S' || context['Immobile_TipoImmobile'] == 'E')",
                "completed": "context['Immobile_CheckVerificaCivico'] !=null",
                "description": {
                    "it": "Specificare l'indirizzo dell’<b>intero edificio</b> oppure della <b>porzione di edificio</b> coinvolta nell’intervento e verificarne l'esistenza mediante il pulsante <i>“Controllo indirizzo”</i>.<br>E' possibile esplorare la mappa cartografica premendo il pulsante <i>“Mappa”</i> per il controllo dell'indirizzo immesso."
                }
            },
            {
                "id": "block9",
                "type": "BLOCK",
                "xpath": "(//*[contains(@class, 'simpatico-block')])[9]",
                "tags": [],
                "fields": [
                    "Immobile_CheckVerificaCivico",
                    "Localita_part_fondiaria"
                ],
                "blocks": [],
                "dependencies": [],
                "condition": "context['Immobile_CheckVerificaCivico'] !=null || (context['Localita_part_fondiaria'] !=null && context['Localita_part_fondiaria'] != '')",
                "completed": null,
                "description": {
                    "it": "Specificare il numero di eventuali ulteriori particelle coinvolte nel procedimento."
                }
            },
            {
                "id": "block10",
                "type": "BLOCK",
                "xpath": "(//*[contains(@class, 'simpatico-block')])[10]",
                "tags": [],
                "fields": [],
                "blocks": [],
                "dependencies": [
                    "block9"
                ],
                "condition": null,
                "completed": null,
                "description": {
                    "it": "Descrivere i lavori eseguiti"
                }
            },
            {
                "id": "block11",
                "type": "BLOCK",
                "xpath": "(//*[contains(@class, 'simpatico-block')])[11]",
                "tags": [],
                "fields": [
                    "Titolare1_CodiceFiscale"
                ],
                "blocks": [],
                "dependencies": [
                    "block10"
                ],
                "condition": null,
                "completed": "context['Titolare1_CodiceFiscale'] != null && context['Titolare1_CodiceFiscale'] != ''",
                "description": {
                    "it": "Indicare le generalità del progettista incaricato alla redazione del progetto.<br>Nel caso in cui sia il progettista stesso a compilare il modulo, premendo il pulsante <i>“Carica dati personali”</i> le informazioni anagrafiche della carta dei servizi con cui è stato effettuato l'accesso verranno caricate automaticamente. Verificare i dati e compilare eventuali voci mancanti."
                }
            },
            {
                "id": "block12",
                "type": "BLOCK",
                "xpath": "(//*[contains(@class, 'simpatico-block')])[12]",
                "tags": [],
                "fields": [],
                "blocks": [],
                "dependencies": [
                    "block11"
                ],
                "condition": null,
                "completed": null,
                "description": {
                    "it": "Indicare la tipologia e il numero di documenti allegati."
                }
            },
            {
                "id": "block13",
                "type": "BLOCK",
                "xpath": "(//*[contains(@class, 'simpatico-block')])[13]",
                "tags": [],
                "fields": [
                    "Presa_visione_check"
                ],
                "blocks": [],
                "dependencies": [
                    "block12"
                ],
                "condition": null,
                "completed": "context['Presa_visione_check']=='1'",
                "description": {
                    "it": "Dichiarare di aver preso visione dell'informativa sulla privacy e il trattamento dei dati."
                }
            },
            {
                "id": "block14",
                "type": "BLOCK",
                "xpath": "(//*[contains(@class, 'simpatico-block')])[14]",
                "tags": [],
                "fields": [
                    "Presa_visione_check"
                ],
                "blocks": [],
                "dependencies": [
                    "block13"
                ],
                "condition": "context['Presa_visione_check']=='1'",
                "completed": null,
                "description": {
                    "it": "Specificare luogo e data. Per completare il modulo premere <i>“FINE”</i>. Verificare nuovamente tutti i dati inseriti e premere <i>“Salva modulo”</i>. Verranno segnalate eventuali mancanze. In tal caso provvedere all’inserimento dei dati mancanti."
                }
            }
        ],
        "fields": [
            {
                "id": "Tipo_richiedente1",
                "xpath": "//*[@id=\"Tipo_richiedente1\"]",
                "mapping": {
                    "key": "Tipo_richiedente1",
                    "binding": "OUT"
                }
            },
            {
                "id": "Tipo_richiedente2",
                "xpath": "//*[@id=\"Tipo_richiedente2\"]",
                "mapping": {
                    "key": "Tipo_richiedente2",
                    "binding": "OUT"
                }
            },
            {
                "id": "Titolare_CodiceFiscale",
                "xpath": "//*[@id=\"Titolare_CodiceFiscale\"]",
                "mapping": {
                    "key": "Titolare_CodiceFiscale",
                    "binding": "OUT"
                }
            },
            {
                "id": "Titolare_Ruolo",
                "xpath": "//*[@id=\"Titolare_Ruolo\"]",
                "mapping": {
                    "key": "Titolare_Ruolo",
                    "binding": "OUT"
                }
            },
            {
                "id": "Immobile_CheckVerificaCatastale",
                "xpath": "//*[@id=\"Immobile_CheckVerificaCatastale\"]",
                "mapping": {
                    "key": "Immobile_CheckVerificaCatastale",
                    "binding": "OUT"
                }
            },
            {
                "id": "Immobile_TipoImmobile",
                "xpath": "//*[@id=\"Immobile_TipoImmobile\"]",
                "mapping": {
                    "key": "Immobile_TipoImmobile",
                    "binding": "OUT"
                }
            },
            {
                "id": "Localita_part_fondiaria",
                "xpath": "//*[@id=\"Localita_part_fondiaria\"]",
                "mapping": {
                    "key": "Localita_part_fondiaria",
                    "binding": "OUT"
                }
            },
            {
                "id": "Immobile_CheckVerificaCivico",
                "xpath": "//*[@id=\"Immobile_CheckVerificaCivico\"]",
                "mapping": {
                    "key": "Immobile_CheckVerificaCivico",
                    "binding": "OUT"
                }
            },
            {
                "id": "Tassonomia_Titolo1",
                "xpath": "//*[@id=\"Tassonomia_Titolo1\"]",
                "mapping": {
                    "key": "Tassonomia_Titolo1",
                    "binding": "OUT"
                }
            },
            {
                "id": "Tassonomia_Titolo2",
                "xpath": "//*[@id=\"Tassonomia_Titolo2\"]",
                "mapping": {
                    "key": "Tassonomia_Titolo2",
                    "binding": "OUT"
                }
            },
            {
                "id": "Titolare1_CodiceFiscale",
                "xpath": "//*[@id=\"Titolare1_CodiceFiscale\"]",
                "mapping": {
                    "key": "Titolare1_CodiceFiscale",
                    "binding": "OUT"
                }
            },
            {
                "id": "Presa_visione_check",
                "xpath": "//*[@id=\"Presa_visione_check\"]",
                "mapping": {
                    "key": "Presa_visione_check",
                    "binding": "OUT"
                }
            }
        ],
        "description": null,
        "name": null,
        "workflow": null
    }
}
