{
    "objectId": "2bcca63b-16f2-4601-a35d-459bac9c17d7",
    "creationDate": 1531130398281,
    "lastUpdate": 1531130398281,
    "uri": "https://sportello.comune.trento.it/modulistica/moduli/M47750-AUTORIZZAZIONE-CPC_v2.0",
    "eserviceId": null,
    "profileTypes": [],
    "model": {
        "context": {},
        "blocks": [
            {
                "id": "block1",
                "type": "BLOCK",
                "xpath": "(//*[contains(@class, 'simpatico-block')])[1]",
                "tags": [],
                "fields": [
                    "Tipo_richiedente1",
                    "Tipo_richiedente2"
                ],
                "blocks": [],
                "dependencies": [],
                "condition": null,
                "completed": "(context['Tipo_richiedente1'] == '1') || (context['Tipo_richiedente2'] == '2')",
                "description": {
                    "it": "Selezionare il titolo a nome del quale verrà compilato il modulo.<br>Nel caso in cui il professionista risulti anche tra i richiedenti selezionare la voce <i>“Proprietario, comproprietario o richiedente in possesso di titolo idoneo”</i>"
                }
            },
            {
                "id": "block2",
                "type": "BLOCK",
                "xpath": "(//*[contains(@class, 'simpatico-block')])[2]",
                "tags": [],
                "fields": [
                    "Tipo_richiedente1",
                    "Tipo_richiedente2",
                    "Titolare_CodiceFiscale"
                ],
                "blocks": [],
                "dependencies": [
                    "block1"
                ],
                "condition": "(context['Tipo_richiedente1'] == '1') || (context['Tipo_richiedente2'] == '2')",
                "completed": "(context['Titolare_CodiceFiscale'] != null) && (context['Titolare_CodiceFiscale'] != '')",
                "description": {
                    "it": "Una volta effettuato l’accesso con la carta dei servizi, premendo il pulsante <i>“Carica dati personali”</i> le informazioni anagrafiche verranno caricate automaticamente. Verificare i dati e compilare eventuali voci mancanti.<br><br><b>ATTENZIONE:</b> qualora la domanda venga compilata dal professionista, in questa tabella dovranno essere riportati i dati anagrafici del proprietario/comproprietario e non del professionista"
                }
            },
            {
                "id": "block3",
                "type": "BLOCK",
                "xpath": "(//*[contains(@class, 'simpatico-block')])[3]",
                "tags": [],
                "fields": [
                    "Titolare_CodiceFiscale",
                    "Titolare_Ruolo"
                ],
                "blocks": [],
                "dependencies": [
                    "block2"
                ],
                "condition": "(context['Titolare_CodiceFiscale'] != null) && (context['Titolare_CodiceFiscale'] != '')",
                "completed": "context['Titolare_Ruolo'] != null",
                "description": {
                    "it": "Indicare il ruolo ricoperto dal richiedente nel contesto dei lavori da svolgere."
                }
            },
            {
                "id": "block4",
                "type": "BLOCK",
                "xpath": "(//*[contains(@class, 'simpatico-block')])[4]",
                "tags": [],
                "fields": [
                    "Titolare_Ruolo"
                ],
                "blocks": [],
                "dependencies": [
                    "block3"
                ],
                "condition": "context['Titolare_Ruolo']=='Legale rappresentante'|| context['Titolare_Ruolo']=='Amministratore di condominio'",
                "completed": null,
                "description": {
                    "it": "Inserire i dati neccessari al fine di definire la ragione sociale/denominazione per conto della quale si sta eseguendo la richiesta."
                }
            },
            {
                "id": "block5",
                "type": "BLOCK",
                "xpath": "(//*[contains(@class, 'simpatico-block')])[5]",
                "tags": [],
                "fields": [
                    "Tassonomia_DocEdi1",
                    "Tassonomia_DocEdi2",
                    "Tassonomia_DocEdi3",
                    "Tassonomia_DocEdi4",
                    "Tassonomia_DocEdi6",
                    "Tassonomia_DocEdi7",
                    "Tassonomia_DocEdi8",
                    "Tassonomia_DocEdi9",
                    "Tassonomia_AbitativiPaeNO",
                    "Tassonomia_AbitativiPaeSI",
                    "Tassonomia_DocPar1",
                    "Tassonomia_DocPar2",
                    "Tassonomia_DocPar3",
                    "Tassonomia_DocPar4",
                    "Tassonomia_RiqUrb1",
                    "Tassonomia_RiqUrb2",
                    "Altro_provv"
                ],
                "blocks": [],
                "dependencies": [
                    "block3"
                ],
                "condition": null,
                "completed": "context['Tassonomia_DocEdi1']=='1' || (context['Tassonomia_DocEdi2']=='2' && (context['Tassonomia_AbitativiPaeNO']=='1' || context['Tassonomia_AbitativiPaeSI']=='2')) || context['Tassonomia_DocEdi3']=='3' || (context['Tassonomia_DocEdi4']=='4' && (context['Tassonomia_DocPar1']=='1' || context['Tassonomia_DocPar2']=='2' || context['Tassonomia_DocPar3']=='3' || context['Tassonomia_DocPar4']=='4')) || (context['Tassonomia_DocEdi6']=='6' && (context['Tassonomia_RiqUrb1']=='1' || context['Tassonomia_RiqUrb2']=='2')) || context['Tassonomia_DocEdi7']=='7' || context['Tassonomia_DocEdi8']=='8' || (context['Tassonomia_DocEdi9']=='9' && (context['Altro_provv'] != null) && (context['Altro_provv'] != ''))",
                "description": {
                    "it": "Indicare la tipologia di istanza richiesta."
                }
            },
            {
                "id": "block6",
                "type": "BLOCK",
                "xpath": "(//*[contains(@class, 'simpatico-block')])[6]",
                "tags": [],
                "fields": [
                    "Tassonomia_DocEdi1",
                    "Tassonomia_DocEdi2",
                    "Tassonomia_DocEdi3",
                    "Tassonomia_DocEdi4",
                    "Tassonomia_DocEdi6",
                    "Tassonomia_DocEdi7",
                    "Tassonomia_DocEdi8",
                    "Tassonomia_DocEdi9",
                    "Tassonomia_AbitativiPaeNO",
                    "Tassonomia_AbitativiPaeSI",
                    "Tassonomia_DocPar1",
                    "Tassonomia_DocPar2",
                    "Tassonomia_DocPar3",
                    "Tassonomia_DocPar4",
                    "Tassonomia_RiqUrb1",
                    "Tassonomia_RiqUrb2",
                    "Altro_provv"
                ],
                "blocks": [],
                "dependencies": [
                    "block5"
                ],
                "condition": "context['Tassonomia_DocEdi1']=='1' || (context['Tassonomia_DocEdi2']=='2' && (context['Tassonomia_AbitativiPaeNO']=='1' || context['Tassonomia_AbitativiPaeSI']=='2')) || context['Tassonomia_DocEdi3']=='3' || (context['Tassonomia_DocEdi4']=='4' && (context['Tassonomia_DocPar1']=='1' || context['Tassonomia_DocPar2']=='2' || context['Tassonomia_DocPar3']=='3' || context['Tassonomia_DocPar4']=='4')) || (context['Tassonomia_DocEdi6']=='6' && (context['Tassonomia_RiqUrb1']=='1' || context['Tassonomia_RiqUrb2']=='2')) || context['Tassonomia_DocEdi7']=='7' || context['Tassonomia_DocEdi8']=='8' || (context['Tassonomia_DocEdi9']=='9' && (context['Altro_provv'] != null) && (context['Altro_provv'] != ''))",
                "completed": null,
                "description": {
                    "it": "Descrivere sommariamente i lavori oggetto della presente istanza."
                }
            },
            {
                "id": "block7",
                "type": "BLOCK",
                "xpath": "(//*[contains(@class, 'simpatico-block')])[7]",
                "tags": [],
                "fields": [
                    "Tipo_intervento1",
                    "Tipo_intervento2",
                    "Tipo_intervento3",
                    "Tipo_intervento4",
                    "Tipo_intervento5",
                    "Tipo_intervento6",
                    "Tipo_intervento7",
                    "Tipo_intervento8",
                    "Tipo_intervento9",
                    "Tipo_intervento10"
                ],
                "blocks": [],
                "dependencies": [
                    "block6"
                ],
                "condition": null,
                "completed": "context['Tipo_intervento1']=='1' || context['Tipo_intervento2']=='2' || context['Tipo_intervento3']=='3' || context['Tipo_intervento4']=='4' || context['Tipo_intervento5']=='5' || context['Tipo_intervento6']=='6' || context['Tipo_intervento7']=='7' || context['Tipo_intervento8']=='8' || context['Tipo_intervento9']=='9' || context['Tipo_intervento10']=='10'",
                "description": {
                    "it": "Specificare il tipo di intervento oggetto della presente istanza."
                }
            },
            {
                "id": "block8",
                "type": "BLOCK",
                "xpath": "(//*[contains(@class, 'simpatico-block')])[8]",
                "tags": [],
                "fields": [
                    "Tipo_intervento1",
                    "Tipo_intervento2",
                    "Tipo_intervento3",
                    "Tipo_intervento4",
                    "Tipo_intervento5",
                    "Tipo_intervento6",
                    "Tipo_intervento7",
                    "Tipo_intervento8",
                    "Tipo_intervento9",
                    "Tipo_intervento10",
                    "Immobile_CheckVerificaCatastale",
                    "Immobile_TipoImmobile"
                ],
                "blocks": [],
                "dependencies": [
                    "block7"
                ],
                "condition": "context['Tipo_intervento1']=='1' || context['Tipo_intervento2']=='2' || context['Tipo_intervento3']=='3' || context['Tipo_intervento4']=='4' || context['Tipo_intervento5']=='5' || context['Tipo_intervento6']=='6' || context['Tipo_intervento7']=='7' || context['Tipo_intervento8']=='8' || context['Tipo_intervento9']=='9' || context['Tipo_intervento10']=='10'",
                "completed": "context['Immobile_CheckVerificaCatastale'] !=null",
                "description": {
                    "it": "Definire la particella catastale oggetto di intervento e verificarne l'esistenza premendo il pulsante <i>“Controllo particella”</i>.<br>Premere il pulsante <i>“Mappa”</i> per un controllo cartografico dei dati catastali immessi.<br><br>Le diciture <b>intero edificio</b> e <b>porzione di edificio</b> identificano la particella edificiale."
                }
            },
            {
                "id": "block9",
                "type": "BLOCK",
                "xpath": "(//*[contains(@class, 'simpatico-block')])[9]",
                "tags": [],
                "fields": [
                    "Immobile_TipoImmobile",
                    "Localita_part_fondiaria",
                    "Immobile_CheckVerificaCatastale"
                ],
                "blocks": [],
                "dependencies": [
                    "block8"
                ],
                "condition": "context['Immobile_CheckVerificaCatastale'] !=null && context['Immobile_TipoImmobile'] == 'F'",
                "completed": "context['Localita_part_fondiaria'] !=null && context['Localita_part_fondiaria'] != ''",
                "description": {
                    "it": "Inserirne un indirizzo o la località di riferimento della particella fondiaria."
                }
            },
            {
                "id": "block10",
                "type": "BLOCK",
                "xpath": "(//*[contains(@class, 'simpatico-block')])[10]",
                "tags": [],
                "fields": [
                    "Immobile_TipoImmobile",
                    "Immobile_CheckVerificaCatastale",
                    "Immobile_CheckVerificaCivico"
                ],
                "blocks": [],
                "dependencies": [
                    "block8"
                ],
                "condition": "context['Immobile_CheckVerificaCatastale'] !=null && (context['Immobile_TipoImmobile'] == 'S' || context['Immobile_TipoImmobile'] == 'E')",
                "completed": "context['Immobile_CheckVerificaCivico'] !=null",
                "description": {
                    "it": "Specificare l'indirizzo dell’<b>intero edificio</b> oppure della <b>porzione di edificio</b> coinvolta nell’intervento e verificarne l'esistenza mediante il pulsante <i>“Controllo indirizzo”</i>.<br>E' possibile esplorare la mappa cartografica premendo il pulsante <i>“Mappa”</i> per il controllo dell'indirizzo immesso."
                }
            },
            {
                "id": "block11",
                "type": "BLOCK",
                "xpath": "(//*[contains(@class, 'simpatico-block')])[11]",
                "tags": [],
                "fields": [
                    "Immobile_CheckVerificaCivico",
                    "Localita_part_fondiaria"
                ],
                "blocks": [],
                "dependencies": [],
                "condition": "context['Immobile_CheckVerificaCivico'] !=null || (context['Localita_part_fondiaria'] !=null && context['Localita_part_fondiaria'] != '')",
                "completed": null,
                "description": {
                    "it": "Specificare il numero di eventuali ulteriori particelle coinvolte nel procedimento."
                }
            },
            {
                "id": "block12",
                "type": "BLOCK",
                "xpath": "(//*[contains(@class, 'simpatico-block')])[12]",
                "tags": [],
                "fields": [
                    "Parametri_Titolo1",
                    "Parametri_Titolo2",
                    "Parametri_Titolo3",
                    "Tipo_Parametri_Titolo3"
                ],
                "blocks": [],
                "dependencies": [
                    "block11"
                ],
                "condition": null,
                "completed": "context['Parametri_Titolo1'] == '1' || context['Parametri_Titolo2'] == '2' || (context['Parametri_Titolo3'] == '3' && ((context['Tipo_Parametri_Titolo3'] != null) && (context['Tipo_Parametri_Titolo3'] != '')))",
                "description": {
                    "it": "Indicare la fattispecie di titolo idoneo alla presentazione dell'istanza."
                }
            },
            {
                "id": "block13",
                "type": "BLOCK",
                "xpath": "(//*[contains(@class, 'simpatico-block')])[13]",
                "tags": [],
                "fields": [
                    "Tassonomia_Titolo1",
                    "Tassonomia_Titolo2",
                    "Parametri_Titolo1",
                    "Parametri_Titolo2",
                    "Parametri_Titolo3",
                    "Tipo_Parametri_Titolo3"
                ],
                "blocks": [],
                "dependencies": [
                    "block12"
                ],
                "condition": "context['Parametri_Titolo1'] == '1' || context['Parametri_Titolo2'] == '2' || (context['Parametri_Titolo3'] == '3' && ((context['Tipo_Parametri_Titolo3'] != null) && (context['Tipo_Parametri_Titolo3'] != '')))",
                "completed": "context['Tassonomia_Titolo1'] == '1' || context['Tassonomia_Titolo2'] == '2'",
                "description": {
                    "it": "Indicare l'esclusività o meno del titolo idoneo alla presentazione dell'istanza."
                }
            },
            {
                "id": "block14",
                "type": "BLOCK",
                "xpath": "(//*[contains(@class, 'simpatico-block')])[14]",
                "tags": [],
                "fields": [
                    "Tassonomia_Titolo1",
                    "Tassonomia_Titolo2",
                    "Titolare1_CodiceFiscale"
                ],
                "blocks": [],
                "dependencies": [
                    "block13"
                ],
                "condition": "context['Tassonomia_Titolo1'] == '1' || context['Tassonomia_Titolo2'] == '2'",
                "completed": "context['Titolare1_CodiceFiscale'] != null && context['Titolare1_CodiceFiscale'] != ''",
                "description": {
                    "it": "Indicare le generalità del progettista incaricato alla redazione del progetto.<br>Nel caso in cui sia il progettista stesso a compilare il modulo, premendo il pulsante <i>“Carica dati personali”</i> le informazioni anagrafiche della carta dei servizi con cui è stato effettuato l'accesso verranno caricate automaticamente. Verificare i dati e compilare eventuali voci mancanti."
                }
            },
            {
                "id": "block15",
                "type": "BLOCK",
                "xpath": "(//*[contains(@class, 'simpatico-block')])[15]",
                "tags": [],
                "fields": [
                    "Tassonomia_DomDigi1",
                    "Tassonomia_DomDigi2",
                    "Tassonomia_DomDigi3",
                    "Titolare1_CodiceFiscale"
                ],
                "blocks": [],
                "dependencies": [
                    "block14"
                ],
                "condition": "context['Titolare1_CodiceFiscale'] != null && context['Titolare1_CodiceFiscale'] != ''",
                "completed": "context['Tassonomia_DomDigi1']=='1' || context['Tassonomia_DomDigi2']=='2' || context['Tassonomia_DomDigi3']=='3'",
                "description": {
                    "it": "Selezionare la modalità di ricezione delle comunicazioni inerenti l'istanza.<br><br><b>NB: i CAMPI DI TESTO NON SONO COMPILABILI</b>.<br>Nel caso si indichi<ul><li>la PEC personale o la PEC della società, vengono caricati in automatico i dati inseriti nella sezione anagrafica a inizio modulo.</li><li>la PEC del professionista, vengono caricati in automatico i dati inseriti nella sezione anagrafica del progettista incaricato.</li>Pertanto, in caso di errori, o per inserire ulteriori contatti, modificare i dati inseriti nelle rispettive sezioni."
                }
            },
            {
                "id": "block16",
                "type": "BLOCK",
                "xpath": "(//*[contains(@class, 'simpatico-block')])[16]",
                "tags": [],
                "fields": [
                    "Tassonomia_DomDigi1",
                    "Tassonomia_DomDigi2",
                    "Tassonomia_DomDigi3"
                ],
                "blocks": [],
                "dependencies": [
                    "block15"
                ],
                "condition": "context['Tassonomia_DomDigi1']=='1' || context['Tassonomia_DomDigi2']=='2' || context['Tassonomia_DomDigi3']=='3'",
                "completed": null,
                "description": {
                    "it": "Selezionare gli allegati all'istanza."
                }
            },
            {
                "id": "block17",
                "type": "BLOCK",
                "xpath": "(//*[contains(@class, 'simpatico-block')])[17]",
                "tags": [],
                "fields": [
                    "Presa_visione_check"
                ],
                "blocks": [],
                "dependencies": [
                    "block16"
                ],
                "condition": null,
                "completed": "context['Presa_visione_check']=='1'",
                "description": {
                    "it": "Dichiarare di aver preso visione dell'informativa sulla privacy e il trattamento dei dati."
                }
            },
            {
                "id": "block18",
                "type": "BLOCK",
                "xpath": "(//*[contains(@class, 'simpatico-block')])[18]",
                "tags": [],
                "fields": [
                  "Presa_visione_check"
                ],
                "blocks": [],
                "dependencies": [
                    "block17"
                ],
                "condition": "context['Presa_visione_check']=='1'",
                "completed": null,
                "description": {
                    "it": "Specificare luogo e data. Per completare il modulo premere <i>“FINE”</i>. Verificare nuovamente tutti i dati inseriti e premere <i>“Salva modulo”</i>. Verranno segnalate eventuali mancanze. In tal caso provvedere all’inserimento dei dati mancanti."
                }
            }
        ],
        "fields": [
            {
                "id": "Tipo_richiedente1",
                "xpath": "//*[@id=\"Tipo_richiedente1\"]",
                "mapping": {
                    "key": "Tipo_richiedente1",
                    "binding": "OUT"
                }
            },
            {
                "id": "Tipo_richiedente2",
                "xpath": "//*[@id=\"Tipo_richiedente2\"]",
                "mapping": {
                    "key": "Tipo_richiedente2",
                    "binding": "OUT"
                }
            },
            {
                "id": "Titolare_CodiceFiscale",
                "xpath": "//*[@id=\"Titolare_CodiceFiscale\"]",
                "mapping": {
                    "key": "Titolare_CodiceFiscale",
                    "binding": "OUT"
                }
            },
            {
                "id": "Titolare_Ruolo",
                "xpath": "//*[@id=\"Titolare_Ruolo\"]",
                "mapping": {
                    "key": "Titolare_Ruolo",
                    "binding": "OUT"
                }
            },
            {
                "id": "Tassonomia_DocEdi1",
                "xpath": "//*[@id=\"Tassonomia_DocEdi1\"]",
                "mapping": {
                    "key": "Tassonomia_DocEdi1",
                    "binding": "OUT"
                }
            },
            {
                "id": "Tassonomia_DocEdi2",
                "xpath": "//*[@id=\"Tassonomia_DocEdi2\"]",
                "mapping": {
                    "key": "Tassonomia_DocEdi2",
                    "binding": "OUT"
                }
            },
            {
                "id": "Tassonomia_DocEdi3",
                "xpath": "//*[@id=\"Tassonomia_DocEdi3\"]",
                "mapping": {
                    "key": "Tassonomia_DocEdi3",
                    "binding": "OUT"
                }
            },
            {
                "id": "Tassonomia_DocEdi4",
                "xpath": "//*[@id=\"Tassonomia_DocEdi4\"]",
                "mapping": {
                    "key": "Tassonomia_DocEdi4",
                    "binding": "OUT"
                }
            },
            {
                "id": "Tassonomia_DocEdi6",
                "xpath": "//*[@id=\"Tassonomia_DocEdi6\"]",
                "mapping": {
                    "key": "Tassonomia_DocEdi6",
                    "binding": "OUT"
                }
            },
            {
                "id": "Tassonomia_DocEdi7",
                "xpath": "//*[@id=\"Tassonomia_DocEdi7\"]",
                "mapping": {
                    "key": "Tassonomia_DocEdi7",
                    "binding": "OUT"
                }
            },
            {
                "id": "Tassonomia_DocEdi8",
                "xpath": "//*[@id=\"Tassonomia_DocEdi8\"]",
                "mapping": {
                    "key": "Tassonomia_DocEdi8",
                    "binding": "OUT"
                }
            },
            {
                "id": "Tassonomia_DocEdi9",
                "xpath": "//*[@id=\"Tassonomia_DocEdi9\"]",
                "mapping": {
                    "key": "Tassonomia_DocEdi9",
                    "binding": "OUT"
                }
            },
            {
                "id": "Tassonomia_AbitativiPaeNO",
                "xpath": "//*[@id=\"Tassonomia_AbitativiPaeNO\"]",
                "mapping": {
                    "key": "Tassonomia_AbitativiPaeNO",
                    "binding": "OUT"
                }
            },
            {
                "id": "Tassonomia_AbitativiPaeSI",
                "xpath": "//*[@id=\"Tassonomia_AbitativiPaeSI\"]",
                "mapping": {
                    "key": "Tassonomia_AbitativiPaeSI",
                    "binding": "OUT"
                }
            },
            {
                "id": "Tassonomia_DocPar1",
                "xpath": "//*[@id=\"Tassonomia_DocPar1\"]",
                "mapping": {
                    "key": "Tassonomia_DocPar1",
                    "binding": "OUT"
                }
            },
            {
                "id": "Tassonomia_DocPar2",
                "xpath": "//*[@id=\"Tassonomia_DocPar2\"]",
                "mapping": {
                    "key": "Tassonomia_DocPar2",
                    "binding": "OUT"
                }
            },
            {
                "id": "Tassonomia_DocPar3",
                "xpath": "//*[@id=\"Tassonomia_DocPar3\"]",
                "mapping": {
                    "key": "Tassonomia_DocPar3",
                    "binding": "OUT"
                }
            },
            {
                "id": "Tassonomia_DocPar4",
                "xpath": "//*[@id=\"Tassonomia_DocPar4\"]",
                "mapping": {
                    "key": "Tassonomia_DocPar4",
                    "binding": "OUT"
                }
            },
            {
                "id": "Tassonomia_RiqUrb1",
                "xpath": "//*[@id=\"Tassonomia_RiqUrb1\"]",
                "mapping": {
                    "key": "Tassonomia_RiqUrb1",
                    "binding": "OUT"
                }
            },
            {
                "id": "Tassonomia_RiqUrb2",
                "xpath": "//*[@id=\"Tassonomia_RiqUrb2\"]",
                "mapping": {
                    "key": "Tassonomia_RiqUrb2",
                    "binding": "OUT"
                }
            },
            {
                "id": "Altro_provv",
                "xpath": "//*[@id=\"Altro_provv\"]",
                "mapping": {
                    "key": "Altro_provv",
                    "binding": "OUT"
                }
            },
            {
                "id": "Tipo_intervento1",
                "xpath": "//*[@id=\"Tipo_intervento1\"]",
                "mapping": {
                    "key": "Tipo_intervento1",
                    "binding": "OUT"
                }
            },
            {
                "id": "Tipo_intervento2",
                "xpath": "//*[@id=\"Tipo_intervento2\"]",
                "mapping": {
                    "key": "Tipo_intervento2",
                    "binding": "OUT"
                }
            },
            {
                "id": "Tipo_intervento3",
                "xpath": "//*[@id=\"Tipo_intervento3\"]",
                "mapping": {
                    "key": "Tipo_intervento3",
                    "binding": "OUT"
                }
            },
            {
                "id": "Tipo_intervento4",
                "xpath": "//*[@id=\"Tipo_intervento4\"]",
                "mapping": {
                    "key": "Tipo_intervento4",
                    "binding": "OUT"
                }
            },
            {
                "id": "Tipo_intervento5",
                "xpath": "//*[@id=\"Tipo_intervento5\"]",
                "mapping": {
                    "key": "Tipo_intervento5",
                    "binding": "OUT"
                }
            },
            {
                "id": "Tipo_intervento6",
                "xpath": "//*[@id=\"Tipo_intervento6\"]",
                "mapping": {
                    "key": "Tipo_intervento6",
                    "binding": "OUT"
                }
            },
            {
                "id": "Tipo_intervento7",
                "xpath": "//*[@id=\"Tipo_intervento7\"]",
                "mapping": {
                    "key": "Tipo_intervento7",
                    "binding": "OUT"
                }
            },
            {
                "id": "Tipo_intervento8",
                "xpath": "//*[@id=\"Tipo_intervento8\"]",
                "mapping": {
                    "key": "Tipo_intervento8",
                    "binding": "OUT"
                }
            },
            {
                "id": "Tipo_intervento9",
                "xpath": "//*[@id=\"Tipo_intervento9\"]",
                "mapping": {
                    "key": "Tipo_intervento9",
                    "binding": "OUT"
                }
            },
            {
                "id": "Tipo_intervento10",
                "xpath": "//*[@id=\"Tipo_intervento10\"]",
                "mapping": {
                    "key": "Tipo_intervento10",
                    "binding": "OUT"
                }
            },
            {
                "id": "Immobile_CheckVerificaCatastale",
                "xpath": "//*[@id=\"Immobile_CheckVerificaCatastale\"]",
                "mapping": {
                    "key": "Immobile_CheckVerificaCatastale",
                    "binding": "OUT"
                }
            },
            {
                "id": "Immobile_TipoImmobile",
                "xpath": "//*[@id=\"Immobile_TipoImmobile\"]",
                "mapping": {
                    "key": "Immobile_TipoImmobile",
                    "binding": "OUT"
                }
            },
            {
                "id": "Localita_part_fondiaria",
                "xpath": "//*[@id=\"Localita_part_fondiaria\"]",
                "mapping": {
                    "key": "Localita_part_fondiaria",
                    "binding": "OUT"
                }
            },
            {
                "id": "Immobile_CheckVerificaCivico",
                "xpath": "//*[@id=\"Immobile_CheckVerificaCivico\"]",
                "mapping": {
                    "key": "Immobile_CheckVerificaCivico",
                    "binding": "OUT"
                }
            },
            {
                "id": "Parametri_Titolo1",
                "xpath": "//*[@id=\"Parametri_Titolo1\"]",
                "mapping": {
                    "key": "Parametri_Titolo1",
                    "binding": "OUT"
                }
            },
            {
                "id": "Parametri_Titolo2",
                "xpath": "//*[@id=\"Parametri_Titolo2\"]",
                "mapping": {
                    "key": "Parametri_Titolo2",
                    "binding": "OUT"
                }
            },
            {
                "id": "Parametri_Titolo3",
                "xpath": "//*[@id=\"Parametri_Titolo3\"]",
                "mapping": {
                    "key": "Parametri_Titolo3",
                    "binding": "OUT"
                }
            },
            {
                "id": "Tipo_Parametri_Titolo3",
                "xpath": "//*[@id=\"Tipo_Parametri_Titolo3\"]",
                "mapping": {
                    "key": "Tipo_Parametri_Titolo3",
                    "binding": "OUT"
                }
            },
            {
                "id": "Tassonomia_Titolo1",
                "xpath": "//*[@id=\"Tassonomia_Titolo1\"]",
                "mapping": {
                    "key": "Tassonomia_Titolo1",
                    "binding": "OUT"
                }
            },
            {
                "id": "Tassonomia_Titolo2",
                "xpath": "//*[@id=\"Tassonomia_Titolo2\"]",
                "mapping": {
                    "key": "Tassonomia_Titolo2",
                    "binding": "OUT"
                }
            },
            {
                "id": "Titolare1_CodiceFiscale",
                "xpath": "//*[@id=\"Titolare1_CodiceFiscale\"]",
                "mapping": {
                    "key": "Titolare1_CodiceFiscale",
                    "binding": "OUT"
                }
            },
            {
                "id": "Tassonomia_DomDigi1",
                "xpath": "//*[@id=\"Tassonomia_DomDigi1\"]",
                "mapping": {
                    "key": "Tassonomia_DomDigi1",
                    "binding": "OUT"
                }
            },
            {
                "id": "Tassonomia_DomDigi2",
                "xpath": "//*[@id=\"Tassonomia_DomDigi2\"]",
                "mapping": {
                    "key": "Tassonomia_DomDigi2",
                    "binding": "OUT"
                }
            },
            {
                "id": "Tassonomia_DomDigi3",
                "xpath": "//*[@id=\"Tassonomia_DomDigi3\"]",
                "mapping": {
                    "key": "Tassonomia_DomDigi3",
                    "binding": "OUT"
                }
            },
            {
                "id": "Presa_visione_check",
                "xpath": "//*[@id=\"Presa_visione_check\"]",
                "mapping": {
                    "key": "Presa_visione_check",
                    "binding": "OUT"
                }
            }
        ],
        "description": null,
        "name": null,
        "workflow": null
    }
}
