{
    "objectId": "faefc25d-ac6a-4f8d-a78e-98c2adcbffdc",
    "creationDate": 1525940156169,
    "lastUpdate": 1525940156169,
    "uri": "https://sportello.comune.trento.it/modulistica/moduli/GEN-IMMAGG_v1.0",
    "eserviceId": null,
    "profileTypes": [],
    "model": {
        "context": {},
        "blocks": [
            {
                "id": "block1",
                "type": "BLOCK",
                "xpath": "(//*[contains(@class, 'simpatico-block')])[1]",
                "tags": [],
                "fields": [
                    "Titolare_CodiceFiscale"
                ],
                "blocks": [],
                "dependencies": [],
                "condition": null,
                "completed": "(context['Titolare_CodiceFiscale'] != null) && (context['Titolare_CodiceFiscale'] != '')",
                "description": {
                    "it": "Dati recuperati automaticamente dal modulo principale. Verificarne la correttezza."
                }
            },
            {
                "id": "block2",
                "type": "BLOCK",
                "xpath": "(//*[contains(@class, 'simpatico-block')])[2]",
                "tags": [],
                "fields": [
                    "Titolare_Ruolo"
                ],
                "blocks": [],
                "dependencies": [
                    "block1"
                ],
                "condition": "(context['Titolare_CodiceFiscale'] != null) && (context['Titolare_CodiceFiscale'] != '')",
                "completed": "context['Titolare_Ruolo'] != null",
                "description": {
                    "it": "Indicare il ruolo ricoperto dal richiedente nel contesto dei lavori da svolgere.<br>Dati recuperati automaticamente dal modulo principale. Verificarne la correttezza."
                }
            },
            {
                "id": "block3",
                "type": "BLOCK",
                "xpath": "(//*[contains(@class, 'simpatico-block')])[3]",
                "tags": [],
                "fields": [
                    "Titolare_Ruolo"
                ],
                "blocks": [],
                "dependencies": [
                    "block2"
                ],
                "condition": "context['Titolare_Ruolo']=='Legale rappresentante'|| context['Titolare_Ruolo']=='Amministratore di condominio'",
                "completed": null,
                "description": {
                    "it": "Inserire i dati neccessari al fine di definire la ragione sociale/denominazione per conto della quale si sta eseguendo la richiesta."
                }
            },
            {
                "id": "block4",
                "type": "BLOCK",
                "xpath": "(//*[contains(@class, 'simpatico-block')])[4]",
                "tags": [],
                "fields": [],
                "blocks": [],
                "dependencies": [
                    "block2"
                ],
                "condition": null,
                "completed": null,
                "description": {
                    "it": "Inserire la prima particella o subalterno ulteriore, quindi verificarne l'esistenza premendo il pulsante <i>“Controllo particella”</i>.<br>Premere il pulsante <i>“Mappa”</i> per un controllo cartografico dei dati catastali immessi.<br><br>Le diciture <b>intero edificio</b> e <b>porzione di edificio</b> identificano la particella edificiale."
                }
            },
            {
                "id": "block5",
                "type": "BLOCK",
                "xpath": "(//*[contains(@class, 'simpatico-block')])[5]",
                "tags": [],
                "fields": [],
                "blocks": [],
                "dependencies": [
                    "block4"
                ],
                "condition": null,
                "completed": null,
                "description": {
                    "it": "Inserire la seconda particella o subalterno ulteriore, quindi verificarne l'esistenza premendo il pulsante <i>“Controllo particella”</i>.<br>Premere il pulsante <i>“Mappa”</i> per un controllo cartografico dei dati catastali immessi.<br><br>Le diciture <b>intero edificio</b> e <b>porzione di edificio</b> identificano la particella edificiale."
                }
            },
            {
                "id": "block6",
                "type": "BLOCK",
                "xpath": "(//*[contains(@class, 'simpatico-block')])[6]",
                "tags": [],
                "fields": [],
                "blocks": [],
                "dependencies": [
                    "block5"
                ],
                "condition": null,
                "completed": null,
                "description": {
                    "it": "Inserire la terza particella o subalterno ulteriore, quindi verificarne l'esistenza premendo il pulsante <i>“Controllo particella”</i>.<br>Premere il pulsante <i>“Mappa”</i> per un controllo cartografico dei dati catastali immessi.<br><br>Le diciture <b>intero edificio</b> e <b>porzione di edificio</b> identificano la particella edificiale."
                }
            },
            {
                "id": "block7",
                "type": "BLOCK",
                "xpath": "(//*[contains(@class, 'simpatico-block')])[7]",
                "tags": [],
                "fields": [],
                "blocks": [],
                "dependencies": [
                    "block6"
                ],
                "condition": null,
                "completed": null,
                "description": {
                    "it": "Inserire la quarta particella o subalterno ulteriore, quindi verificarne l'esistenza premendo il pulsante <i>“Controllo particella”</i>.<br>Premere il pulsante <i>“Mappa”</i> per un controllo cartografico dei dati catastali immessi.<br><br>Le diciture <b>intero edificio</b> e <b>porzione di edificio</b> identificano la particella edificiale."
                }
            },
            {
                "id": "block8",
                "type": "BLOCK",
                "xpath": "(//*[contains(@class, 'simpatico-block')])[8]",
                "tags": [],
                "fields": [],
                "blocks": [],
                "dependencies": [
                    "block7"
                ],
                "condition": null,
                "completed": null,
                "description": {
                    "it": "Inserire la quinta particella o subalterno ulteriore, quindi verificarne l'esistenza premendo il pulsante <i>“Controllo particella”</i>.<br>Premere il pulsante <i>“Mappa”</i> per un controllo cartografico dei dati catastali immessi.<br><br>Le diciture <b>intero edificio</b> e <b>porzione di edificio</b> identificano la particella edificiale."
                }
            },
            {
                "id": "block9",
                "type": "BLOCK",
                "xpath": "(//*[contains(@class, 'simpatico-block')])[9]",
                "tags": [],
                "fields": [],
                "blocks": [],
                "dependencies": [
                    "block8"
                ],
                "condition": null,
                "completed": null,
                "description": {
                    "it": "Inserire la sesta particella o subalterno ulteriore, quindi verificarne l'esistenza premendo il pulsante <i>“Controllo particella”</i>.<br>Premere il pulsante <i>“Mappa”</i> per un controllo cartografico dei dati catastali immessi.<br><br>Le diciture <b>intero edificio</b> e <b>porzione di edificio</b> identificano la particella edificiale."
                }
            },
            {
                "id": "block10",
                "type": "BLOCK",
                "xpath": "(//*[contains(@class, 'simpatico-block')])[10]",
                "tags": [],
                "fields": [],
                "blocks": [],
                "dependencies": [
                    "block9"
                ],
                "condition": null,
                "completed": null,
                "description": {
                    "it": "Inserire la settima particella o subalterno ulteriore, quindi verificarne l'esistenza premendo il pulsante <i>“Controllo particella”</i>.<br>Premere il pulsante <i>“Mappa”</i> per un controllo cartografico dei dati catastali immessi.<br><br>Le diciture <b>intero edificio</b> e <b>porzione di edificio</b> identificano la particella edificiale."
                }
            },
            {
                "id": "block11",
                "type": "BLOCK",
                "xpath": "(//*[contains(@class, 'simpatico-block')])[11]",
                "tags": [],
                "fields": [],
                "blocks": [],
                "dependencies": [
                    "block10"
                ],
                "condition": null,
                "completed": null,
                "description": {
                    "it": "Inserire l'ottava particella o subalterno ulteriore, quindi verificarne l'esistenza premendo il pulsante <i>“Controllo particella”</i>.<br>Premere il pulsante <i>“Mappa”</i> per un controllo cartografico dei dati catastali immessi.<br><br>Le diciture <b>intero edificio</b> e <b>porzione di edificio</b> identificano la particella edificiale."
                }
            },
            {
                "id": "block12",
                "type": "BLOCK",
                "xpath": "(//*[contains(@class, 'simpatico-block')])[12]",
                "tags": [],
                "fields": [],
                "blocks": [],
                "dependencies": [
                    "block11"
                ],
                "condition": null,
                "completed": null,
                "description": {
                    "it": "Inserire la nona particella o subalterno ulteriore, quindi verificarne l'esistenza premendo il pulsante <i>“Controllo particella”</i>.<br>Premere il pulsante <i>“Mappa”</i> per un controllo cartografico dei dati catastali immessi.<br><br>Le diciture <b>intero edificio</b> e <b>porzione di edificio</b> identificano la particella edificiale."
                }
            },
            {
                "id": "block13",
                "type": "BLOCK",
                "xpath": "(//*[contains(@class, 'simpatico-block')])[13]",
                "tags": [],
                "fields": [],
                "blocks": [],
                "dependencies": [
                    "block12"
                ],
                "condition": null,
                "completed": null,
                "description": {
                    "it": "Inserire la decima particella o subalterno ulteriore, quindi verificarne l'esistenza premendo il pulsante <i>“Controllo particella”</i>.<br>Premere il pulsante <i>“Mappa”</i> per un controllo cartografico dei dati catastali immessi.<br><br>Le diciture <b>intero edificio</b> e <b>porzione di edificio</b> identificano la particella edificiale."
                }
            },
            {
                "id": "block14",
                "type": "BLOCK",
                "xpath": "//*[@id='firme']",
                "tags": [],
                "fields": [],
                "blocks": [],
                "dependencies": [
                    "block4"
                ],
                "condition": null,
                "completed": null,
                "description": {
                    "it": "Termine modulo secondario: specificare luogo e data. Per completare il modulo premere <i>“FINE”</i>. Verificare nuovamente tutti i dati inseriti e premere <b>“Salva modulo”</b>.  Verranno segnalate eventuali mancanze. In tal caso provvedere all’inserimento dei dati mancanti."
                }
            }
        ],
        "fields": [
            {
                "id": "Titolare_CodiceFiscale",
                "xpath": "//*[@id=\"Titolare_CodiceFiscale\"]",
                "mapping": {
                    "key": "Titolare_CodiceFiscale",
                    "binding": "OUT"
                }
            },
            {
                "id": "Titolare_Ruolo",
                "xpath": "//*[@id=\"Titolare_Ruolo\"]",
                "mapping": {
                    "key": "Titolare_Ruolo",
                    "binding": "OUT"
                }
            }
        ],
        "description": null,
        "name": null,
        "workflow": null
    }
}
