{
    "objectId": "85ed8d01-7d67-4e1b-9e1a-4db71f36a1e8",
    "creationDate": 1525940111457,
    "lastUpdate": 1525940111457,
    "uri": "https://sportello.comune.trento.it/modulistica/moduli/GEN-INTAGG-AU_v1.0",
    "eserviceId": null,
    "profileTypes": [],
    "model": {
        "context": {},
        "blocks": [
            {
                "id": "block1",
                "type": "BLOCK",
                "xpath": "(//*[contains(@class, 'simpatico-block')])[1]",
                "tags": [],
                "fields": [
                    "AventeTitolo_CodiceFiscale"
                ],
                "blocks": [],
                "dependencies": [],
                "condition": null,
                "completed": "(context['AventeTitolo_CodiceFiscale'] != null) && (context['AventeTitolo_CodiceFiscale'] != '')",
                "description": {
                    "it": "Inserire i dati richiesti"
                }
            },
            {
                "id": "block2",
                "type": "BLOCK",
                "xpath": "(//*[contains(@class, 'simpatico-block')])[2]",
                "tags": [],
                "fields": [
                    "AventeTitolo_Ruolo"
                ],
                "blocks": [],
                "dependencies": [],
                "condition": "(context['AventeTitolo_CodiceFiscale'] != null) && (context['AventeTitolo_CodiceFiscale'] != '')",
                "completed": "context['AventeTitolo_Ruolo'] != null",
                "description": {
                    "it": "Selezionare ruolo."
                }
            },
            {
                "id": "block3",
                "type": "BLOCK",
                "xpath": "(//*[contains(@class, 'simpatico-block')])[3]",
                "tags": [],
                "fields": [],
                "blocks": [],
                "dependencies": [
                    "block2"
                ],
                "condition": "context['AventeTitolo_Ruolo']=='Legale rappresentante'|| context['AventeTitolo_Ruolo']=='Amministratore di condominio'",
                "completed": null,
                "description": {
                    "it": "Inserire i dati richiesti."
                }
            },
            {
                "id": "block4",
                "type": "BLOCK",
                "xpath": "(//*[contains(@class, 'simpatico-block')])[4]",
                "tags": [],
                "fields": [
                    "Parametri_Titolo1",
                    "Parametri_Titolo2",
                    "Parametri_Titolo3",
                    "Tipo_Parametri_Titolo3"
                ],
                "blocks": [],
                "dependencies": [
                    "block2"
                ],
                "condition": "context['AventeTitolo_Ruolo'] != null",
                "completed": "context['Parametri_Titolo1'] == '1' || context['Parametri_Titolo2'] == '2' || (context['Parametri_Titolo3'] == '3' && ((context['Tipo_Parametri_Titolo3'] != null) && (context['Tipo_Parametri_Titolo3'] != '')))",
                "description": {
                    "it": "Indicare la fattispecie di titolo idoneo alla presentazione dell'istanza."
                }
            },
            {
                "id": "block5",
                "type": "BLOCK",
                "xpath": "(//*[contains(@class, 'simpatico-block')])[5]",
                "tags": [],
                "fields": [],
                "blocks": [],
                "dependencies": [
                    "block4"
                ],
                "condition": "context['Parametri_Titolo1'] == '1' || context['Parametri_Titolo2'] == '2' || (context['Parametri_Titolo3'] == '3' && ((context['Tipo_Parametri_Titolo3'] != null) && (context['Tipo_Parametri_Titolo3'] != '')))",
                "completed": null,
                "description": {
                    "it": "Consultare allegati richiesti."
                }
            },
            {
                "id": "block6",
                "type": "BLOCK",
                "xpath": "//*[@id='firme']",
                "tags": [],
                "fields": [],
                "blocks": [],
                "dependencies": [
                    "block5"
                ],
                "condition": null,
                "completed": null,
                "description": {
                    "it": "Termine presentazione della domanda: specificare luogo e data. Per completare il modulo premere <i>“FINE”</i>. Verificare nuovamente tutti i dati inseriti e premere <b>“Salva modulo”</b>.  Verranno segnalate eventuali mancanze. In tal caso provvedere all’inserimento dei dati mancanti."
                }
            }
        ],
        "fields": [
            {
                "id": "AventeTitolo_CodiceFiscale",
                "xpath": "//*[@id=\"AventeTitolo_CodiceFiscale\"]",
                "mapping": {
                    "key": "AventeTitolo_CodiceFiscale",
                    "binding": "OUT"
                }
            },
            {
                "id": "AventeTitolo_Ruolo",
                "xpath": "//*[@id=\"AventeTitolo_Ruolo\"]",
                "mapping": {
                    "key": "AventeTitolo_Ruolo",
                    "binding": "OUT"
                }
            },
            {
                "id": "Parametri_Titolo1",
                "xpath": "//*[@id=\"Parametri_Titolo1\"]",
                "mapping": {
                    "key": "Parametri_Titolo1",
                    "binding": "OUT"
                }
            },
            {
                "id": "Parametri_Titolo2",
                "xpath": "//*[@id=\"Parametri_Titolo2\"]",
                "mapping": {
                    "key": "Parametri_Titolo2",
                    "binding": "OUT"
                }
            },
            {
                "id": "Parametri_Titolo3",
                "xpath": "//*[@id=\"Parametri_Titolo3\"]",
                "mapping": {
                    "key": "Parametri_Titolo3",
                    "binding": "OUT"
                }
            },
            {
                "id": "Tipo_Parametri_Titolo3",
                "xpath": "//*[@id=\"Tipo_Parametri_Titolo3\"]",
                "mapping": {
                    "key": "Tipo_Parametri_Titolo3",
                    "binding": "OUT"
                }
            }
        ],
        "description": null,
        "name": null,
        "workflow": null
    }
}
