{
    "objectId": "3fa46f28-b323-4f53-bc5d-63533e968c9a",
    "creationDate": 1512641914989,
    "lastUpdate": 1512641914989,
    "uri": "https://sportello.comune.trento.it/modulistica/moduli/GEN-TRASM-INTEG_v1.0",
    "profileTypes": [],
    "model": {
        "context": {},
        "blocks": [
            {
                "id": "block1",
                "type": "BLOCK",
                "xpath": "(//*[contains(@class, 'simpatico-block')])[1]",
                "tags": [],
                "fields": [
                    "Tipo_richiedente1",
                    "Tipo_richiedente2"
                ],
                "blocks": [],
                "dependencies": [],
                "condition": null,
                "completed": "(context['Tipo_richiedente1'] == '1') || (context['Tipo_richiedente2'] == '2')",
                "description": {
                    "it": "Selezionare il titolo a nome del quale verrà compilato il modulo."
                }
            },
            {
                "id": "block2",
                "type": "BLOCK",
                "xpath": "(//*[contains(@class, 'simpatico-block')])[2]",
                "tags": [],
                "fields": [
                    "Titolare_Cognome",
                    "Titolare_Nome"
                ],
                "blocks": [],
                "dependencies": [
                    "block1"
                ],
                "condition": "(context['Tipo_richiedente1'] == '1') || (context['Tipo_richiedente2'] == '2')",
                "completed": "context['Titolare_Cognome'] != null && context['Titolare_Nome'] != null",
                "description": {
                    "it": "Una volta effettuato l’accesso con la carta dei servizi, premendo il pulsante <i>“Carica dati personali”</i> le informazioni anagrafiche verranno caricate automaticamente. Verificare i dati e compilare eventuali voci mancanti."
                }
            },
            {
                "id": "block3",
                "type": "BLOCK",
                "xpath": "(//*[contains(@class, 'simpatico-block')])[3]",
                "tags": [],
                "fields": [
                    "Titolare_Ruolo"
                ],
                "blocks": [],
                "dependencies": [
                    "block2"
                ],
                "condition": "context['Titolare_Cognome'] != null && context['Titolare_Nome'] != null",
                "completed": "context['Titolare_Ruolo'] != null",
                "description": {
                    "it": "Indicare il ruolo ricoperto dal richiedente nel contesto dei lavori da svolgere."
                }
            },
            {
                "id": "block4",
                "type": "BLOCK",
                "xpath": "(//*[contains(@class, 'simpatico-block')])[4]",
                "tags": [],
                "fields": [
                    "Titolare_Ruolo"
                ],
                "blocks": [],
                "dependencies": [
                    "block3"
                ],
                "condition": "context['Titolare_Ruolo']=='Legale rappresentante'|| context['Titolare_Ruolo']=='Amministratore di condominio'",
                "completed": null,
                "description": {
                    "it": "Inserire i dati neccessari al fine di definire la ragione sociale/denominazione per conto della quale si sta eseguendo la richiesta."
                }
            },
            {
                "id": "block5",
                "type": "BLOCK",
                "xpath": "(//*[contains(@class, 'simpatico-block')])[5]",
                "tags": [],
                "fields": [
                    "Titolare1_Cognome",
                    "Titolare1_Nome"
                ],
                "blocks": [],
                "dependencies": [
                    "block3"
                ],
                "condition": "context['Titolare_Ruolo'] != null",
                "completed": "context['Titolare1_Cognome'] != null && context['Titolare1_Nome'] != null",
                "description": {
                    "it": "Indicare le generalità del progettista incaricato alla redazione del progetto.<br>Nel caso in cui sia il progettista stesso a compilare il modulo, premendo il pulsante <i>“Carica dati personali”</i> le informazioni anagrafiche della carta dei servizi con cui è stato effettuato l'accesso verranno caricate automaticamente. Verificare i dati e compilare eventuali voci mancanti."
                }
            },
            {
                "id": "block6",
                "type": "BLOCK",
                "xpath": "(//*[contains(@class, 'simpatico-block')])[6]",
                "tags": [],
                "fields": [
                    "Numero_protocollo",
                    "Data_protocollazione"
                ],
                "blocks": [],
                "dependencies": [
                    "block5"
                ],
                "condition": "context['Titolare1_Cognome'] != null && context['Titolare1_Nome'] != null",
                "completed": "context['Numero_protocollo'] != null && context['Data_protocollazione'] != null",
                "description": {
                    "it": "Indicare i riferimenti alla pratica per la quale si sta trasmettendo una integrazione della documentazione."
                }
            },
            {
                "id": "block7",
                "type": "BLOCK",
                "xpath": "(//*[contains(@class, 'simpatico-block')])[7]",
                "tags": [],
                "fields": [
                    "Immobile_CheckVerificaCatastale",
                    "Immobile_TipoImmobile"
                ],
                "blocks": [],
                "dependencies": [
                    "block6"
                ],
                "condition": null,
                "completed": "context['Immobile_CheckVerificaCatastale'] !=null",
                "description": {
                    "it": "Definire la particella catastale oggetto di intervento e verificarne l'esistenza premendo il pulsante <i>“Controllo particella”</i>.<br>Premere il pulsante <i>“Mappa”</i> per un controllo cartografico dei dati catastali immessi.<br><br>Le diciture <b>intero edificio</b> e <b>porzione di edificio</b> identificano la particella edificiale."
                }
            },
            {
                "id": "block8",
                "type": "BLOCK",
                "xpath": "(//*[contains(@class, 'simpatico-block')])[8]",
                "tags": [],
                "fields": [
                    "Immobile_TipoImmobile",
                    "Localita_part_fondiaria",
                    "Immobile_CheckVerificaCatastale"
                ],
                "blocks": [],
                "dependencies": [
                    "block7"
                ],
                "condition": "context['Immobile_CheckVerificaCatastale'] !=null && context['Immobile_TipoImmobile'] == 'F'",
                "completed": "context['Localita_part_fondiaria'] !=null && context['Localita_part_fondiaria'] != ''",
                "description": {
                    "it": "Inserirne un indirizzo o la località di riferimento della particella fondiaria."
                }
            },
            {
                "id": "block9",
                "type": "BLOCK",
                "xpath": "(//*[contains(@class, 'simpatico-block')])[9]",
                "tags": [],
                "fields": [
                    "Immobile_TipoImmobile",
                    "Immobile_CheckVerificaCatastale",
                    "Immobile_CheckVerificaCivico"
                ],
                "blocks": [],
                "dependencies": [
                    "block7"
                ],
                "condition": "context['Immobile_CheckVerificaCatastale'] !=null && (context['Immobile_TipoImmobile'] == 'S' || context['Immobile_TipoImmobile'] == 'E')",
                "completed": "context['Immobile_CheckVerificaCivico'] !=null",
                "description": {
                    "it": "Specificare l'indirizzo dell’<b>intero edificio</b> oppure della <b>porzione di edificio</b> coinvolta nell’intervento e verificarne l'esistenza mediante il pulsante <i>“Controllo indirizzo”</i>.<br>E' possibile esplorare la mappa cartografica premendo il pulsante <i>“Mappa”</i> per il controllo dell'indirizzo immesso."
                }
            },
            {
                "id": "block10",
                "type": "BLOCK",
                "xpath": "(//*[contains(@class, 'simpatico-block')])[10]",
                "tags": [],
                "fields": [
                    "Parametri_Titolo1",
                    "Parametri_Titolo2",
                    "Parametri_Titolo3",
                    "Tipo_Parametri_Titolo3"
                ],
                "blocks": [],
                "dependencies": [],
                "condition": "context['Immobile_CheckVerificaCivico'] !=null || (context['Localita_part_fondiaria'] !=null && context['Localita_part_fondiaria'] != '')",
                "completed": "context['Parametri_Titolo1'] == '1' || context['Parametri_Titolo2'] == '2' || (context['Parametri_Titolo3'] == '3' && ((context['Tipo_Parametri_Titolo3'] != null) && (context['Tipo_Parametri_Titolo3'] != '')))",
                "description": {
                    "it": "Indicare la fattispecie di titolo idoneo alla presentazione dell'istanza."
                }
            },
            {
                "id": "block11",
                "type": "BLOCK",
                "xpath": "(//*[contains(@class, 'simpatico-block')])[11]",
                "tags": [],
                "fields": [
                    "Tassonomia_Titolo1",
                    "Tassonomia_Titolo2"
                ],
                "blocks": [],
                "dependencies": [
                    "block10"
                ],
                "condition": "context['Parametri_Titolo1'] == '1' || context['Parametri_Titolo2'] == '2' || (context['Parametri_Titolo3'] == '3' && ((context['Tipo_Parametri_Titolo3'] != null) && (context['Tipo_Parametri_Titolo3'] != '')))",
                "completed": "context['Tassonomia_Titolo1'] == '1' || context['Tassonomia_Titolo2'] == '2'",
                "description": {
                    "it": "Indicare l'esclusività o meno del titolo idoneo alla presentazione dell'istanza."
                }
            },
            {
                "id": "block12",
                "type": "BLOCK",
                "xpath": "(//*[contains(@class, 'simpatico-block')])[12]",
                "tags": [],
                "fields": [],
                "blocks": [],
                "dependencies": [
                    "block11"
                ],
                "condition": "context['Tassonomia_Titolo1'] == '1' || context['Tassonomia_Titolo2'] == '2'",
                "completed": null,
                "description": {
                    "it": "Descrivere sommariamente i lavori oggetto della presente istanza."
                }
            },
            {
                "id": "block13",
                "type": "BLOCK",
                "xpath": "(//*[contains(@class, 'simpatico-block')])[13]",
                "tags": [],
                "fields": [
                    "Tassonomia_DomDigi1",
                    "Tassonomia_DomDigi2",
                    "Tassonomia_DomDigi3"
                ],
                "blocks": [],
                "dependencies": [
                    "block12"
                ],
                "condition": null,
                "completed": "context['Tassonomia_DomDigi1']=='1' || context['Tassonomia_DomDigi2']=='2' || context['Tassonomia_DomDigi3']=='3'",
                "description": {
                    "it": "Selezionare la modalità di ricezione delle comunicazioni inerenti l'istanza.<br><br><b>NB: i CAMPI DI TESTO NON SONO COMPILABILI</b>.<br>Nel caso si indichi<ul><li>la PEC personale o la PEC della società, vengono caricati in automatico i dati inseriti nella sezione anagrafica a inizio modulo.</li><li>la PEC del professionista, vengono caricati in automatico i dati inseriti nella sezione anagrafica del progettista incaricato.</li>Pertanto, in caso di errori, o per inserire ulteriori contatti, modificare i dati inseriti nelle rispettive sezioni."
                }
            },
            {
                "id": "block14",
                "type": "BLOCK",
                "xpath": "(//*[contains(@class, 'simpatico-block')])[14]",
                "tags": [],
                "fields": [],
                "blocks": [],
                "dependencies": [
                    "block13"
                ],
                "condition": null,
                "completed": null,
                "description": {
                    "it": "Selezionare gli ulteriori allegati all'istanza."
                }
            },
            {
                "id": "block15",
                "type": "BLOCK",
                "xpath": "(//*[contains(@class, 'simpatico-block')])[15]",
                "tags": [],
                "fields": [],
                "blocks": [],
                "dependencies": [
                    "block14"
                ],
                "condition": null,
                "completed": null,
                "description": {
                    "it": "Specificare luogo e data. Per completare il modulo premere <i>“FINE”</i>. Verificare nuovamente tutti i dati inseriti e premere <i>“Salva modulo”</i>. Verranno segnalate eventuali mancanze. In tal caso provvedere all’inserimento dei dati mancanti."
                }
            }
        ],
        "fields": [
            {
                "id": "Tipo_richiedente1",
                "xpath": "//*[@id=\"Tipo_richiedente1\"]",
                "mapping": {
                    "key": "Tipo_richiedente1",
                    "binding": "OUT"
                }
            },
            {
                "id": "Tipo_richiedente2",
                "xpath": "//*[@id=\"Tipo_richiedente2\"]",
                "mapping": {
                    "key": "Tipo_richiedente2",
                    "binding": "OUT"
                }
            },
            {
                "id": "Titolare_Cognome",
                "xpath": "//*[@id=\"Titolare_Cognome\"]",
                "mapping": {
                    "key": "Titolare_Cognome",
                    "binding": "OUT"
                }
            },
            {
                "id": "Titolare_Nome",
                "xpath": "//*[@id=\"Titolare_Nome\"]",
                "mapping": {
                    "key": "Titolare_Nome",
                    "binding": "OUT"
                }
            },
            {
                "id": "Titolare_Ruolo",
                "xpath": "//*[@id=\"Titolare_Ruolo\"]",
                "mapping": {
                    "key": "Titolare_Ruolo",
                    "binding": "OUT"
                }
            },
            {
                "id": "Titolare1_Cognome",
                "xpath": "//*[@id=\"Titolare1_Cognome\"]",
                "mapping": {
                    "key": "Titolare1_Cognome",
                    "binding": "OUT"
                }
            },
            {
                "id": "Titolare1_Nome",
                "xpath": "//*[@id=\"Titolare1_Nome\"]",
                "mapping": {
                    "key": "Titolare1_Nome",
                    "binding": "OUT"
                }
            },
            {
                "id": "Numero_protocollo",
                "xpath": "//*[@id=\"Numero_protocollo\"]",
                "mapping": {
                    "key": "Numero_protocollo",
                    "binding": "OUT"
                }
            },
            {
                "id": "Data_protocollazione",
                "xpath": "//*[@id=\"Data_protocollazione\"]",
                "mapping": {
                    "key": "Data_protocollazione",
                    "binding": "OUT"
                }
            },
            {
                "id": "Immobile_CheckVerificaCatastale",
                "xpath": "//*[@id=\"Immobile_CheckVerificaCatastale\"]",
                "mapping": {
                    "key": "Immobile_CheckVerificaCatastale",
                    "binding": "OUT"
                }
            },
            {
                "id": "Immobile_TipoImmobile",
                "xpath": "//*[@id=\"Immobile_TipoImmobile\"]",
                "mapping": {
                    "key": "Immobile_TipoImmobile",
                    "binding": "OUT"
                }
            },
            {
                "id": "Localita_part_fondiaria",
                "xpath": "//*[@id=\"Localita_part_fondiaria\"]",
                "mapping": {
                    "key": "Localita_part_fondiaria",
                    "binding": "OUT"
                }
            },
            {
                "id": "Immobile_CheckVerificaCivico",
                "xpath": "//*[@id=\"Immobile_CheckVerificaCivico\"]",
                "mapping": {
                    "key": "Immobile_CheckVerificaCivico",
                    "binding": "OUT"
                }
            },
            {
                "id": "Parametri_Titolo1",
                "xpath": "//*[@id=\"Parametri_Titolo1\"]",
                "mapping": {
                    "key": "Parametri_Titolo1",
                    "binding": "OUT"
                }
            },
            {
                "id": "Parametri_Titolo2",
                "xpath": "//*[@id=\"Parametri_Titolo2\"]",
                "mapping": {
                    "key": "Parametri_Titolo2",
                    "binding": "OUT"
                }
            },
            {
                "id": "Parametri_Titolo3",
                "xpath": "//*[@id=\"Parametri_Titolo3\"]",
                "mapping": {
                    "key": "Parametri_Titolo3",
                    "binding": "OUT"
                }
            },
            {
                "id": "Tipo_Parametri_Titolo3",
                "xpath": "//*[@id=\"Tipo_Parametri_Titolo3\"]",
                "mapping": {
                    "key": "Tipo_Parametri_Titolo3",
                    "binding": "OUT"
                }
            },
            {
                "id": "Tassonomia_Titolo1",
                "xpath": "//*[@id=\"Tassonomia_Titolo1\"]",
                "mapping": {
                    "key": "Tassonomia_Titolo1",
                    "binding": "OUT"
                }
            },
            {
                "id": "Tassonomia_Titolo2",
                "xpath": "//*[@id=\"Tassonomia_Titolo2\"]",
                "mapping": {
                    "key": "Tassonomia_Titolo2",
                    "binding": "OUT"
                }
            },
            {
                "id": "Tassonomia_DomDigi1",
                "xpath": "//*[@id=\"Tassonomia_DomDigi1\"]",
                "mapping": {
                    "key": "Tassonomia_DomDigi1",
                    "binding": "OUT"
                }
            },
            {
                "id": "Tassonomia_DomDigi2",
                "xpath": "//*[@id=\"Tassonomia_DomDigi2\"]",
                "mapping": {
                    "key": "Tassonomia_DomDigi2",
                    "binding": "OUT"
                }
            },
            {
                "id": "Tassonomia_DomDigi3",
                "xpath": "//*[@id=\"Tassonomia_DomDigi3\"]",
                "mapping": {
                    "key": "Tassonomia_DomDigi3",
                    "binding": "OUT"
                }
            }
        ]
    }
}
