{
    "objectId": "b207d039-b6d0-4606-875b-d6ac461b9a50",
    "creationDate": 1510660881415,
    "lastUpdate": 1510660881415,
    "uri": "https://sportello.comune.trento.it/modulistica/moduli/STU-EDI-IMM_v1.0",
    "profileTypes": [],
    "model": {
        "context": {},
        "blocks": [
            {
                "id": "block1",
                "type": "BLOCK",
                "xpath": "(//*[contains(@class, 'simpatico-block')])[1]",
                "tags": [],
                "fields": [
                    "Titolare_CodiceFiscale"
                ],
                "blocks": [],
                "dependencies": [],
                "condition": null,
                "completed": "(context['Titolare_CodiceFiscale'] != null) && (context['Titolare_CodiceFiscale'] != '')",
                "description": {
                    "it": "Una volta effettuato l’accesso con la carta dei servizi, premendo il pulsante <i>“Carica dati personali”</i> le informazioni anagrafiche verranno caricate automaticamente. Verificare i dati e compilare eventuali voci mancanti."
                }
            },
            {
                "id": "block2",
                "type": "BLOCK",
                "xpath": "(//*[contains(@class, 'simpatico-block')])[2]",
                "tags": [],
                "fields": [
                    "Titolare_Ruolo"
                ],
                "blocks": [],
                "dependencies": [
                    "block1"
                ],
                "condition": "(context['Titolare_CodiceFiscale'] != null) && (context['Titolare_CodiceFiscale'] != '')",
                "completed": "context['Titolare_Ruolo'] != null",
                "description": {
                    "it": "Indicare il ruolo ricoperto dal richiedente nel contesto dei lavori da svolgere."
                }
            },
            {
                "id": "block3",
                "type": "BLOCK",
                "xpath": "(//*[contains(@class, 'simpatico-block')])[3]",
                "tags": [],
                "fields": [
                    "Titolare_Ruolo"
                ],
                "blocks": [],
                "dependencies": [
                    "block2"
                ],
                "condition": "context['Titolare_Ruolo']=='Legale rappresentante'|| context['Titolare_Ruolo']=='Amministratore di condominio'",
                "completed": null,
                "description": {
                    "it": "Inserire i dati neccessari al fine di definire la ragione sociale/denominazione per conto della quale si sta eseguendo la richiesta."
                }
            },
            {
                "id": "block4",
                "type": "BLOCK",
                "xpath": "(//*[contains(@class, 'simpatico-block')])[4]",
                "tags": [],
                "fields": [
                    "Immobile1_CheckVerificaCatastale",
                    "Metadati_altre_part"
                ],
                "blocks": [],
                "dependencies": [
                    "block2"
                ],
                "condition": null,
                "completed": "context['Immobile1_CheckVerificaCatastale'] != null",
                "description": {
                    "it": "Inserire prima particella o subalterno ulteriore, quindi verificarne l'esistenza."
                }
            },
            {
                "id": "block5",
                "type": "BLOCK",
                "xpath": "(//*[contains(@class, 'simpatico-block')])[5]",
                "tags": [],
                "fields": [
                    "Immobile2_CheckVerificaCatastale",
                    "Metadati_altre_part"
                ],
                "blocks": [],
                "dependencies": [
                    "block4"
                ],
                "condition": "(context['Immobile1_CheckVerificaCatastale'] != null) && (context['Metadati_altre_part'] >= '2')",
                "completed": "context['Immobile2_CheckVerificaCatastale'] != null",
                "description": {
                    "it": "Inserire seconda particella o subalterno ulteriore, quindi verificarne l'esistenza."
                }
            },
            {
                "id": "block6",
                "type": "BLOCK",
                "xpath": "(//*[contains(@class, 'simpatico-block')])[6]",
                "tags": [],
                "fields": [
                    "Immobile3_CheckVerificaCatastale",
                    "Metadati_altre_part"
                ],
                "blocks": [],
                "dependencies": [
                    "block5"
                ],
                "condition": "(context['Immobile2_CheckVerificaCatastale'] != null) && (context['Metadati_altre_part'] >= '3')",
                "completed": "context['Immobile3_CheckVerificaCatastale'] != null",
                "description": {
                    "it": "Inserire terza particella o subalterno ulteriore, quindi verificarne l'esistenza."
                }
            },
            {
                "id": "block7",
                "type": "BLOCK",
                "xpath": "(//*[contains(@class, 'simpatico-block')])[7]",
                "tags": [],
                "fields": [
                    "Immobile4_CheckVerificaCatastale",
                    "Metadati_altre_part"
                ],
                "blocks": [],
                "dependencies": [
                    "block6"
                ],
                "condition": "(context['Immobile3_CheckVerificaCatastale'] != null) && (context['Metadati_altre_part'] >= '4')",
                "completed": "context['Immobile4_CheckVerificaCatastale'] != null",
                "description": {
                    "it": "Inserire quarta particella o subalterno ulteriore, quindi verificarne l'esistenza."
                }
            },
            {
                "id": "block8",
                "type": "BLOCK",
                "xpath": "(//*[contains(@class, 'simpatico-block')])[8]",
                "tags": [],
                "fields": [
                    "Immobile5_CheckVerificaCatastale",
                    "Metadati_altre_part"
                ],
                "blocks": [],
                "dependencies": [
                    "block7"
                ],
                "condition": "(context['Immobile4_CheckVerificaCatastale'] != null) && (context['Metadati_altre_part'] >= '5')",
                "completed": "context['Immobile5_CheckVerificaCatastale'] != null",
                "description": {
                    "it": "Inserire quinta particella o subalterno ulteriore, quindi verificarne l'esistenza."
                }
            },
            {
                "id": "block9",
                "type": "BLOCK",
                "xpath": "(//*[contains(@class, 'simpatico-block')])[9]",
                "tags": [],
                "fields": [
                    "Immobile6_CheckVerificaCatastale",
                    "Metadati_altre_part"
                ],
                "blocks": [],
                "dependencies": [
                    "block8"
                ],
                "condition": "(context['Immobile5_CheckVerificaCatastale'] != null) && (context['Metadati_altre_part'] >= '6')",
                "completed": "context['Immobile6_CheckVerificaCatastale'] != null",
                "description": {
                    "it": "Inserire sesta particella o subalterno ulteriore, quindi verificarne l'esistenza."
                }
            },
            {
                "id": "block10",
                "type": "BLOCK",
                "xpath": "(//*[contains(@class, 'simpatico-block')])[10]",
                "tags": [],
                "fields": [
                    "Immobile7_CheckVerificaCatastale",
                    "Metadati_altre_part"
                ],
                "blocks": [],
                "dependencies": [
                    "block9"
                ],
                "condition": "(context['Immobile6_CheckVerificaCatastale'] != null) && (context['Metadati_altre_part'] >= '7')",
                "completed": "context['Immobile7_CheckVerificaCatastale'] != null",
                "description": {
                    "it": "Inserire settima particella o subalterno ulteriore, quindi verificarne l'esistenza."
                }
            },
            {
                "id": "block11",
                "type": "BLOCK",
                "xpath": "(//*[contains(@class, 'simpatico-block')])[11]",
                "tags": [],
                "fields": [
                    "Immobile8_CheckVerificaCatastale",
                    "Metadati_altre_part"
                ],
                "blocks": [],
                "dependencies": [
                    "block10"
                ],
                "condition": "(context['Immobile7_CheckVerificaCatastale'] != null) && (context['Metadati_altre_part'] >= '8')",
                "completed": "context['Immobile8_CheckVerificaCatastale'] != null",
                "description": {
                    "it": "Inserire ottava particella o subalterno ulteriore, quindi verificarne l'esistenza."
                }
            },
            {
                "id": "block12",
                "type": "BLOCK",
                "xpath": "(//*[contains(@class, 'simpatico-block')])[12]",
                "tags": [],
                "fields": [
                    "Immobile9_CheckVerificaCatastale",
                    "Metadati_altre_part"
                ],
                "blocks": [],
                "dependencies": [
                    "block11"
                ],
                "condition": "(context['Immobile8_CheckVerificaCatastale'] != null) && (context['Metadati_altre_part'] >= '9')",
                "completed": "context['Immobile9_CheckVerificaCatastale'] != null",
                "description": {
                    "it": "Inserire nona particella o subalterno ulteriore, quindi verificarne l'esistenza."
                }
            },
            {
                "id": "block13",
                "type": "BLOCK",
                "xpath": "(//*[contains(@class, 'simpatico-block')])[13]",
                "tags": [],
                "fields": [
                    "Immobile10_CheckVerificaCatastale",
                    "Metadati_altre_part"
                ],
                "blocks": [],
                "dependencies": [
                    "block12"
                ],
                "condition": "(context['Immobile9_CheckVerificaCatastale'] != null) && (context['Metadati_altre_part'] >= '10')",
                "completed": "context['Immobile10_CheckVerificaCatastale'] != null",
                "description": {
                    "it": "Inserire decima particella o subalterno ulteriore, quindi verificarne l'esistenza."
                }
            },
            {
                "id": "block14",
                "type": "BLOCK",
                "xpath": "//*[@id='firme']",
                "tags": [],
                "fields": [],
                "blocks": [],
                "dependencies": [
                    "block4"
                ],
                "condition": null,
                "completed": null,
                "description": {
                    "it": "Termine modulo secondario: specificare luogo e data. Per completare il modulo premere <i>“FINE”</i>. Verificare nuovamente tutti i dati inseriti e premere <b>“Salva modulo”</b>.  Verranno segnalate eventuali mancanze. In tal caso provvedere all’inserimento dei dati mancanti."
                }
            }
        ],
        "fields": [
            {
                "id": "Titolare_CodiceFiscale",
                "xpath": "//*[@id=\"Titolare_CodiceFiscale\"]",
                "mapping": {
                    "key": "Titolare_CodiceFiscale",
                    "binding": "OUT"
                }
            },
            {
                "id": "Titolare_Ruolo",
                "xpath": "//*[@id=\"Titolare_Ruolo\"]",
                "mapping": {
                    "key": "Titolare_Ruolo",
                    "binding": "OUT"
                }
            },
            {
                "id": "Immobile1_CheckVerificaCatastale",
                "xpath": "//*[@id=\"Immobile1_CheckVerificaCatastale\"]",
                "mapping": {
                    "key": "Immobile1_CheckVerificaCatastale",
                    "binding": "OUT"
                }
            },
            {
                "id": "Immobile2_CheckVerificaCatastale",
                "xpath": "//*[@id=\"Immobile2_CheckVerificaCatastale\"]",
                "mapping": {
                    "key": "Immobile2_CheckVerificaCatastale",
                    "binding": "OUT"
                }
            },
            {
                "id": "Immobile3_CheckVerificaCatastale",
                "xpath": "//*[@id=\"Immobile3_CheckVerificaCatastale\"]",
                "mapping": {
                    "key": "Immobile3_CheckVerificaCatastale",
                    "binding": "OUT"
                }
            },
            {
                "id": "Immobile4_CheckVerificaCatastale",
                "xpath": "//*[@id=\"Immobile4_CheckVerificaCatastale\"]",
                "mapping": {
                    "key": "Immobile4_CheckVerificaCatastale",
                    "binding": "OUT"
                }
            },
            {
                "id": "Immobile5_CheckVerificaCatastale",
                "xpath": "//*[@id=\"Immobile5_CheckVerificaCatastale\"]",
                "mapping": {
                    "key": "Immobile5_CheckVerificaCatastale",
                    "binding": "OUT"
                }
            },
            {
                "id": "Immobile6_CheckVerificaCatastale",
                "xpath": "//*[@id=\"Immobile6_CheckVerificaCatastale\"]",
                "mapping": {
                    "key": "Immobile6_CheckVerificaCatastale",
                    "binding": "OUT"
                }
            },
            {
                "id": "Immobile7_CheckVerificaCatastale",
                "xpath": "//*[@id=\"Immobile7_CheckVerificaCatastale\"]",
                "mapping": {
                    "key": "Immobile7_CheckVerificaCatastale",
                    "binding": "OUT"
                }
            },
            {
                "id": "Immobile8_CheckVerificaCatastale",
                "xpath": "//*[@id=\"Immobile8_CheckVerificaCatastale\"]",
                "mapping": {
                    "key": "Immobile8_CheckVerificaCatastale",
                    "binding": "OUT"
                }
            },
            {
                "id": "Immobile9_CheckVerificaCatastale",
                "xpath": "//*[@id=\"Immobile9_CheckVerificaCatastale\"]",
                "mapping": {
                    "key": "Immobile9_CheckVerificaCatastale",
                    "binding": "OUT"
                }
            },
            {
                "id": "Immobile10_CheckVerificaCatastale",
                "xpath": "//*[@id=\"Immobile10_CheckVerificaCatastale\"]",
                "mapping": {
                    "key": "Immobile10_CheckVerificaCatastale",
                    "binding": "OUT"
                }
            },
            {
                "id": "Metadati_altre_part",
                "xpath": "//*[@id=\"Metadati_altre_part\"]",
                "mapping": {
                    "key": "Metadati_altre_part",
                    "binding": "OUT"
                }
            }
        ]
    }
}
