{
    "objectId": "e79ae75c-6ec7-4699-9905-b5b4413c183a",
    "creationDate": 1525939988869,
    "lastUpdate": 1525939988869,
    "uri": "https://sportello.comune.trento.it/modulistica/moduli/GEN-MARCABOLLO_v0.1",
    "eserviceId": null,
    "profileTypes": [],
    "model": {
        "context": {},
        "blocks": [
            {
                "id": "block1",
                "type": "BLOCK",
                "xpath": "(//*[contains(@class, 'simpatico-block')])[1]",
                "tags": [],
                "fields": [],
                "blocks": [],
                "dependencies": [],
                "condition": null,
                "completed": null,
                "description": {
                    "it": "I dati vengono recuperati dal modulo principale, si chiede di verificarne la correttezza."
                }
            },
            {
                "id": "block2",
                "type": "BLOCK",
                "xpath": "(//*[contains(@class, 'simpatico-block')])[2]",
                "tags": [],
                "fields": [
                    "Parametri_NumeroBollo"
                ],
                "blocks": [],
                "dependencies": [],
                "condition": null,
                "completed": "(context['Parametri_NumeroBollo'] != null) && (context['Parametri_NumeroBollo'] != '')",
                "description": {
                    "it": "Inserire le 14 cifre del numero seriale della marca da bollo. Per ulteriori informazioni relative al pagamento dell'imposta di bollo si rimanda al link <i>“Come pagare?”</i> indicato nel modulo"
                }
            },
            {
                "id": "block3",
                "type": "BLOCK",
                "xpath": "//*[@id='firme']",
                "tags": [],
                "fields": [],
                "blocks": [],
                "dependencies": [
                    "block2"
                ],
                "condition": "(context['Parametri_NumeroBollo'] != null) && (context['Parametri_NumeroBollo'] != '')",
                "completed": null,
                "description": {
                    "it": "Termine modulo secondario: specificare luogo e data. Per completare il modulo premere <i>“FINE”</i>. Verificare nuovamente tutti i dati inseriti e premere <b>“Salva modulo”</b>.  Verranno segnalate eventuali mancanze. In tal caso provvedere all’inserimento dei dati mancanti."
                }
            }
        ],
        "fields": [
            {
                "id": "Parametri_NumeroBollo",
                "xpath": "//*[@id=\"Parametri_NumeroBollo\"]",
                "mapping": {
                    "key": "Parametri_NumeroBollo",
                    "binding": "OUT"
                }
            }
        ],
        "description": null,
        "name": null,
        "workflow": null
    }
}
