{

/* ****************************** Base ****************************** */

"Globo Modulo base principale": {
		"prefix": "mb",
		"body": [
"{% set CodiceModulo = \"${1:CODICE_MODULO}\" %}",
"{% set Urn = \"\" %}",
"{% extends \"base.html\" %}",
"",
"{% block meta %}",
"",
"<meta campi_firma=\"Titolare_CodiceFiscale\"",
"campi_firma_label=\"il dichiarante\"",
"classi_modulo=\"${3:Generale}\"",
"codice_modulo=\"{{ CodiceModulo }}\"",
"urn=\"{{ Urn }}\"",
"sub_urn_list=\"\"",
"uo_globo_list=\"\"",
"descrizione=\"${2:Descrizione modulo}\"",
"destinatario_amministrazione=\"\"",
"destinatario_ufficio=\"${4:UOPROTOCOLLO}\"",
"dinamico=\"SI\"",
"email_a=\"\"",
"ente_abilitato=\"TUTTI\"",
"filigrana=\"NO\"",
"firmare=\"P7M_ELETTRONICA\"",
"istruzioni_compilazione=\"\"",
"istruzioni_invio=\"mail_pec\"",
"metodo_invio=\"mail\"",
"name=\"GLOBO_modulo\"",
"procura=\"NO,,\"",
"tipo_modulo=\"principale\"",
"urlhelp=\"/modulistica/moduli/{{ CodiceModulo }}\"",
"verifica_pagamento=\"NO\"",
"versione=\"1.0|${5:01/01}/2018\"/>",
"",
"<meta codice_modulo_figlio=\"Incarico_procura\"",
"urn_modulo_figlio=\"document:s_italia:generale;incarico.procura\"",
"name=\"GLOBO_modulofiglio\"",
"numero=\"1\"",
"obbligatorio=\"DINAMICO\"/>",
"",
"{% endblock meta %}",
"",
"{% block title %}",
"	${2:Descrizione modulo}",
"{% endblock title %}",
"",
"{% block content %}",
"",
"<globo_fondo_pagina areaheight=\"150\" scope=\"1\">",
"	{{ utils.firma() }}",
"</globo_fondo_pagina>",
"",
"<input id=\"Parametri_Comune\" name=\"Parametri_Comune\" type=\"hidden\" dynamic_value=\"#Ente.value()\"/>",
"<input id=\"Oggetto\" name=\"Oggetto\" type=\"hidden\" dynamic_value=\"#Titolare_Cognome.value().toUpperCase() + ' ' + #Titolare_Nome.value().toUpperCase() + ' - ${2:Descrizione modulo}'\"/>",
"",
"{{ intestazioni.intestazione_moduloprincipale_senzabollo() }}",
"",
"<h1 class=\"Modulo\">",
"	${2:Descrizione modulo}",
"</h1>",
"",
"${6:}",
"",
"<br/>",
"",
"{{ utils.trattamento_dati_personali() }}",
"",
"<br/>",
"",
"{{ utils.firma_hidden() }}",
"",
"<br/>",
"",
"<p class=\"Modulo\">",
"	<input id=\"SalvaModulo\" name=\"SalvaModulo\" style=\"height:30px;width:120px;\" title=\"Verifica la corretta compilazione dei campi e salva il modulo nel faldone virtuale dell'istanza.\" type=\"submit\" value=\"Salva modulo\"/>",
"</p>",
"",
"<input id=\"GLOBO_modulo_c{{ CodiceModulo }}\" name=\"GLOBO_modulo_c{{ CodiceModulo }}\" type=\"hidden\" value=\"\" destinatario_amministrazione=\"getParameter('Ente')\"/>",
"<input firmare=\"'P7M_ELETTRONICA'\" id=\"GLOBO_modulofiglio_cIncarico_procura\" name=\"GLOBO_modulofiglio_cIncarico_procura\" type=\"hidden\" value=\"\"/>",
"",
"<input id=\"GLOBO_id_padre\" name=\"GLOBO_id_padre\" type=\"hidden\"/>",
"<input id=\"GLOBO_recupera_dati\" name=\"GLOBO_recupera_dati\" type=\"hidden\"/>",
"<input id=\"GLOBO_codice_modulo\" name=\"GLOBO_codice_modulo\" type=\"hidden\" value=\"{{ CodiceModulo }}\"/>",
"",
"{% endblock content %}"
    ],
		"description": "Globo Modulo base principale"
},

"Globo Modulo base secondario": {
		"prefix": "mbs",
		"body": [
"{% set CodiceModulo = \"${1:CODICE_MODULO_SECONDARIO}\" %}",
"{% set Urn = \"\" %}",
"{% extends \"base.html\" %}",
"",
"{% block meta %}",
"",
"<meta campi_firma=\"AventeTitolo1_CodiceFiscale\"",
"campi_firma_label=\"il dichiarante\"",
"classi_modulo=\"${3:Generale}\"",
"codice_modulo=\"{{ CodiceModulo }}\"",
"urn=\"{{ Urn }}\"",
"descrizione=\"${2:Descrizione modulo}\"",
"destinatario_amministrazione=\"\"",
"destinatario_ufficio=\"\"",
"dinamico=\"SI\"",
"email_a=\"\"",
"ente_abilitato=\"TUTTI\"",
"filigrana=\"NO\"",
"firmare=\"P7M_ELETTRONICA\"",
"istruzioni_compilazione=\"ATTENZIONE: questo modulo deve essere compilato con i dati del sottoscrivente.\"",
"istruzioni_invio=\"\"",
"metodo_invio=\"mail\"",
"name=\"GLOBO_modulo\"",
"procura=\"NO,,\"",
"tipo_modulo=\"secondario\"",
"urlhelp=\"/modulistica/moduli/{{ CodiceModulo }}\"",
"verifica_pagamento=\"NO\"",
"versione=\"1.0|${4:01/01}/2018\"/>",
"",
"{% endblock meta %}",
"",
"{% block title %}",
"	${2:Descrizione modulo}",
"{% endblock title %}",
"",
"{% block content %}",
"",
"<globo_fondo_pagina areaheight=\"150\" scope=\"1\">",
"	{{ utils.firma() }}",
"</globo_fondo_pagina>",
"",
"<input id=\"Oggetto\" name=\"Oggetto\" type=\"hidden\" dynamic_value=\"'${2:Descrizione modulo} di ' + #AventeTitolo1_Cognome.value().toUpperCase() + ' ' + #AventeTitolo1_Nome.value().toUpperCase()\"/>",
"",
"{{ intestazioni.intestazione_modulosecondario_senzabollo() }}",
"",
"<h1 class=\"Modulo\">",
"	${2:Descrizione modulo}",
"</h1>",
"",
"${5:}",
"",
"",
"",
"<br/>",
"",
"{{ utils.firma_hidden() }}",
"",
"<br/>",
"",
"<p class=\"Modulo\">",
"	<input id=\"SalvaModulo\" name=\"SalvaModulo\" style=\"height:30px;width:120px;\" title=\"Verifica la corretta compilazione dei campi e salva il modulo nel faldone virtuale dell'istanza.\" type=\"submit\" value=\"Salva modulo\"/>",
"</p>",
"",
"<input id=\"GLOBO_modulo_c{{ CodiceModulo }}\" name=\"GLOBO_modulo_c{{ CodiceModulo }}\" type=\"hidden\" value=\"\"/>",
"",
"<input id=\"GLOBO_id_padre\" name=\"GLOBO_id_padre\" type=\"hidden\"/>",
"<input id=\"GLOBO_recupera_dati\" name=\"GLOBO_recupera_dati\" type=\"hidden\"/>",
"<input id=\"GLOBO_codice_modulo\" name=\"GLOBO_codice_modulo\" type=\"hidden\" value=\"{{ CodiceModulo }}\"/>",
"",
"{% endblock content %}"
    ],
		"description": "Globo Modulo base secondario"
},



/* ****************************** Paragrafi ****************************** */

"Globo H1": {
		"prefix": "h1modulo",
		"body": [
      "<h1 class=\"Modulo\">",
      "	$1",
      "</h1>"
    ],
		"description": "Globo H1"
},

"Globo H2": {
		"prefix": "h2modulo",
		"body": [
      "<h2 class=\"Modulo\">",
      "	$1",
      "</h2>"
    ],
		"description": "Globo H2"
},

"Globo H3": {
		"prefix": "h3modulo",
		"body": [
      "<h3 class=\"Modulo\">",
      "	$1",
      "</h3>"
    ],
		"description": "Globo H3"
},

"Globo P": {
		"prefix": "pmodulo",
		"body": [
      "<p class=\"Modulo\">",
      "	$1",
      "</p>"
    ],
		"description": "Globo P"
},

"Paragraph": {
		"prefix": "p",
		"body": [
      "<p>",
      "	$1",
      "</p>"
    ],
		"description": "Paragraph"
},

"Span": {
		"prefix": "span",
		"body": [
      "<span>$1</span>"
    ],
		"description": "span"
},

"Span altro": {
		"prefix": "spanaltro",
		"body": [
      "<span style=\"font-size: 70%;\"><i>${1:(specificare)}</i></span>"
    ],
		"description": "span altro"
},

"Span altro full": {
		"prefix": "spanaltrofull",
		"body": [
      "<span style=\"font-size: 70%;\"><i>(specificare)</i></span> <input class=\"inputNormal\" id=\"${1:Tassonomia_}_Note\" name=\"${1:Tassonomia_}_Note\" style=\"width: 70%;\" label=\"Altro\" mandatory_enabled=\"#${1:Tassonomia_}.checked()\">"
    ],
		"description": "span altro"
},

"Bold": {
		"prefix": "b",
		"body": [
      "<b>$1</b>"
    ],
		"description": "Bold"
},

"Italic": {
		"prefix": "i",
		"body": [
      "<i>$1</i>"
    ],
		"description": "Italic"
},



/* ****************************** Tabelle ****************************** */

"Globo Tabella": {
		"prefix": "table",
		"body": [
"<table class=\"Modulo\" style=\"border: 1px solid grey;\">",
"	<tbody>",
"		$1",
"		<tr>",
"			<td style=\"vertical-align: top; width: 4%;\">",
"				$2",
"			</td>",
"		</tr>",
"	</tbody>",
"</table>"
    ],
		"description": "Globo Tabella"

},

"Globo Riga intestazione": {
		"prefix": "rigaintestazione",
		"body": [
"<tr class=\"Rigaintestazione\">",
"	<td>",
"		<p class=\"Labeltabella\">",
"			$1",
"		</p>",
"	</td>",
"</tr>"
    ],
		"description": "Globo Riga intestazione"

},

"Globo Riga intestazione ridotta": {
		"prefix": "rigaintestazioneridotta",
		"body": [
"<tr class=\"Rigaintestazioneridotta\">",
"	<td>",
"		<p class=\"Labelcella\">",
"			$1",
"		</p>",
"	</td>",
"</tr>"
    ],
		"description": "Globo Riga intestazione ridotta"

},

"tr": {
		"prefix": "tr",
		"body": [
      "<tr>",
      "	$1",
      "</tr>"
    ],
		"description": "tr"

},

"td": {
		"prefix": "td",
		"body": [
      "<td>",
      "	$1",
      "</td>"
    ],
		"description": "td"

},

"Globo Tabella2": {
		"prefix": "table2",
		"body": [
"<table class=\"Modulo\" style=\"border: 1px solid grey;\">",
"	<tbody>",
"		$1",
"		<tr class=\"Rigaintestazioneridotta\">",
"			<td style=\"width: 50%;\">",
"				<p class=\"Labelcella\">",
"					$2",
"				</p>",
"			</td>",
"			<td style=\"width: 50%;\">",
"				<p class=\"Labelcella\">",
"					$3",
"				</p>",
"			</td>",
"		</tr>",
"	</tbody>",
"</table>"
    ],
		"description": "Globo Tabella2"

},

"Globo Tabella3": {
		"prefix": "table3",
		"body": [
"<table class=\"Modulo\" style=\"border: 1px solid grey;\">",
"	<tbody>",
"		$1",
"		<tr class=\"Rigaintestazioneridotta\">",
"			<td style=\"width: 33%;\">",
"				<p class=\"Labelcella\">",
"					$2",
"				</p>",
"			</td>",
"			<td style=\"width: 33%;\">",
"				<p class=\"Labelcella\">",
"					$3",
"				</p>",
"			</td>",
"			<td style=\"width: 34%;\">",
"				<p class=\"Labelcella\">",
"					$4",
"				</p>",
"			</td>",
"		</tr>",
"	</tbody>",
"</table>"
    ],
		"description": "Globo Tabella3"

},



/* ****************************** Input ****************************** */

"Globo Input": {
		"prefix": "input",
		"body": [
"<input class=\"inputNormal\" id=\"Parametri_$1\" name=\"Parametri_$1\" style=\"width: 100%;\" label=\"$2\">"
    ],
		"description": "Globo Input"
},

"Globo Textarea": {
		"prefix": "textarea",
		"body": [
"<textarea class=\"inputNormal\" id=\"Parametri_$1\" name=\"Parametri_$1\" style=\"width: 100%; height: 5cm;\" label=\"${2:label}\"></textarea>"
    ],
		"description": "Globo Textarea"
},

"Globo Checkbox": {
		"prefix": "checkbox1",
		"body": [
"<div id=\"Tassonomia_${1:Codice}\" name=\"Tassonomia_${1:Codice}\" label=\"${2:label}\" mandatory=\"true\"></div>",
"<input group=\"Tassonomia_${1:Codice}\" id=\"Tassonomia_${1:Codice}1\" name=\"Tassonomia_${1:Codice}1\" type=\"checkbox\" value=\"SI\"/>"
    ],
		"description": "Globo Checkbox"
},

"Globo Radio": {
		"prefix": "radio1",
		"body": [
"<div id=\"Tassonomia_${1:Codice}\" name=\"Tassonomia_${1:Codice}\" label=\"${2:Label}\" mandatory=\"true\"></div>",
"<input id=\"Tassonomia_${1:Codice}1\" name=\"Tassonomia_${1:Codice}\" type=\"radio\" value=\"1\"/>"
    ],
		"description": "Globo Radio"
},



/* ****************************** Anagrafiche ****************************** */

"Globo Anagrafica Societa": {
		"prefix": "anagsocieta",
		"body": [
"{{ anagrafica.societa(\"${1:Titolare}\", \"${2:Il sottoscritto}\", [\"Persona fisica\", \"Titolare\", \"Legale rappresentante\"], \"${3:Richiedente}\", \"${4:visibility:visibility}\", \"${5:cursor:pointer}\", \"${6:mail_ordinaria}\", \"${7:false}\", \"${7:false}\") }}"
    ],
		"description": "Globo Anagrafica Società"
},

"Globo Anagrafica Persona Fisica": {
		"prefix": "anagpersonafisica",
		"body": [
"<input id=\"${1:Titolare}_DatiPersonaObbligatori\" name=\"${1:Titolare}_DatiPersonaObbligatori\" type=\"hidden\" dynamic_check=\"true\"/>",
"<input id=\"${1:Titolare}_Titolo\" name=\"${1:Titolare}_Titolo\" type=\"hidden\" value=\"${8:Richiedente}\"/>",
"<input id=\"${1:Titolare}_Ruolo\" name=\"${1:Titolare}_Ruolo\" type=\"hidden\" value=\"${8:Richiedente}\"/>",
"{{ anagrafica.persona_fisica(\"${1:Titolare}\", \"${2:Il sottoscritto}\", \"${3:visibility:visibility}\", \"${4:cursor:pointer}\", \"${5:visibility:visibility}\", \"${6:visibility:visibility}\", \"${7:mail_ordinaria}\") }}"
    ],
		"description": "Globo Anagrafica Persona Fisica"
},

"Globo Anagrafica Cognome nome": {
		"prefix": "anagcognomenome",
		"body": [
"{{ anagrafica.cognome_nome(\"${1:Titolare}\", \"${2:Il sottoscritto}\", \"Richiedente\", \"visibility:visibility\", \"cursor:pointer\", \"visibility:visibility\") }}"
    ],
		"description": "Globo Anagrafica Cognome nome"
},

"Globo Anagrafica Professionista": {
		"prefix": "anagprofessionista",
		"body": [
"<input id=\"${1:Referente1}_DatiProfessionistaObbligatori\" name=\"${1:Referente1}_DatiProfessionistaObbligatori\" type=\"hidden\" dynamic_check=\"true\"/>",
"<input id=\"${1:Referente1}_DatiAlboProfessionistaObbligatori\" name=\"${1:Referente1}_DatiAlboProfessionistaObbligatori\" type=\"hidden\"/>",
"{{ anagrafica.professionista(\"${1:Referente1}\", \"${2:Il tecnico incaricato}\", \"Tecnico incaricato\", \"visibility:visibility\", \"cursor:pointer\", \"\", \"visibility:visibility\", \"provinciale\", \"si\") }}"
    ],
		"description": "Globo Anagrafica Professionista"
},



/* ****************************** Immobili ****************************** */

"Globo Immobile Immobile": {
		"prefix": "immimmobile",
		"body": [
"<input id=\"${1:Immobile}_DatiCatastaliObbligatori\" name=\"${1:Immobile}_DatiCatastaliObbligatori\" type=\"checkbox\" style=\"display: none;\" value=\"si\" checked=\"checked\" dynamic_check=\"true\"/>",
"{{ immobili.immobile(\"${1:Immobile}\", \"${2:sito in}\", \"${3:Collocazione immobile}\") }}"
    ],
		"description": "Globo Immobile Immobile"
},

"Globo Immobile Immobile secondario": {
		"prefix": "immimmobilesecondario",
		"body": [
"<input id=\"${1:Immobile1}_DatiImmobileRichiesti\" name=\"${1:Immobile1}_DatiImmobileRichiesti\" type=\"checkbox\" style=\"display: none;\" value=\"si\" dynamic_check=\"${4:true}\"/>",
"<input id=\"${1:Immobile1}_DatiCatastaliObbligatori\" name=\"${1:Immobile1}_DatiCatastaliObbligatori\" type=\"checkbox\" style=\"display: none;\" value=\"si\"/>",
"{{ immobili.immobile_secondario(\"${1:Immobile1}\", \"${2:sito in}\", \"${3:Collocazione immobile}\" ) }}"
    ],
		"description": "Globo Immobile secondario"
},

"Globo Immobile Toponomastica": {
		"prefix": "immimmobiletoponomastica",
		"body": [
"{{ immobili.immobile_toponomastica(\"${1:Immobile}\", \"${2:con sede in}\", \"${3:Localizzazione intervento}\", \"display:visibility\", \"visibility:hidden\", \"cursor:default\", \"false\") }}"
    ],
		"description": "Globo Immobile Toponomastica"
},

"Globo Immobile Toponomastica secondario": {
		"prefix": "immimmobiletoponomasticasecondario",
		"body": [
"<input id=\"${1:Immobile}_DatiImmobileRichiesti\" name=\"${1:Immobile}_DatiImmobileRichiesti\" type=\"checkbox\" style=\"display: none;\" value=\"si\" dynamic_check=\"true\"/>",
"{{ immobili.immobile_toponomastica_secondario(\"${1:Immobile}\", \"${2:con sede in}\", \"${3:Localizzazione intervento}\", \"display:none\") }}"
    ],
		"description": "Globo Immobile Toponomastica secondario"
},



/* ****************************** Altro ****************************** */

"Globo Mandatory Enabled": {
		"prefix": "meck",
		"body": [
"mandatory_enabled=\"#${1:Codice}.checked()\""
    ],
		"description": "Globo Mandatory Enabled"
},

"Globo Dynamic Check": {
		"prefix": "dyck",
		"body": [
"enabled=\"#${1:Codice}.checked()\" dynamic_check=\"#${1:Codice}.checked()\""
    ],
		"description": "Globo Dynamic Check"
},

"Globo Dynamic Value": {
		"prefix": "dyval",
		"body": [
"dynamic_value=\"#${1:Codice}.value()\""
    ],
		"description": "Globo Dynamic Value"
},

"Globo Salto pagina": {
		"prefix": "saltopagina",
		"body": [
"<globo_salto_pagina></globo_salto_pagina>"
    ],
		"description": "Globo Salto pagina"
},

"Globo Checkbox semplice": {
		"prefix": "checksemplice",
		"body": [
"<input id=\"${1:Codice}\" name=\"${1:Codice}\" type=\"checkbox\" value=\"SI\"/>"
    ],
		"description": "Globo Checkbox semplice"
},

"Globo Dichiara1": {
		"prefix": "dichiara1",
		"body": [
"<input id=\"Dichiara1\" name=\"Dichiara1\" type=\"checkbox\" value=\"SI\" checked=\"checked\" dynamic_check=\"true\"/>"
    ],
		"description": "Globo Dichiara1"
},

"Globo Dichiara 445": {
		"prefix": "d445",
		"body": [
"{{ utils.Dichiara_445() }}"
    ],
		"description": "Globo Dichiara 445"
},

"Globo For Loop": {
		"prefix": "forloop",
		"body": [
"{% for i in range(1, 11) %}",
"	$1",
"{% endfor %}"
    ],
		"description": "Globo For Loop"
},

"Globo Eventuali annotazioni": {
		"prefix": "eventualiannotazioni",
		"body": [
"<table class=\"Modulo\" style=\"border: 1px solid grey;\">",
"  <tbody>",
"    <tr class=\"Rigaintestazioneridotta\">",
"      <td>",
"        <p class=\"Labelcella\">",
"          Eventuali annotazioni",
"        </p>",
"      </td>",
"    </tr>",
"    <tr>",
"      <td>",
"        <textarea class=\"inputNormal\" id=\"Parametri_Annotazioni\" name=\"Parametri_Annotazioni\" style=\"width: 100%; height: 5cm;\" label=\"Eventuali annotazioni\"></textarea>",
"      </td>",
"    </tr>",
"  </tbody>",
"</table>"
    ],
		"description": "Globo Eventuali annotazioni"
},

"Globo Table Allegati": {
		"prefix": "tableallegati",
		"body": [
"<meta codice_allegato=\"DAE-CDI\"",
"urn_allegato=\"document:s_italia:generale;documento.identita;documentazione\"",
"descrizione_estesa=\"Documento di identità\"",
"filename=\"Documento identita.pdf\"",
"firmato=\"NO\"",
"istruzioni=\"/modulistica/moduli/DAE-CDI\"",
"name=\"GLOBO_allegato\"",
"numero=\"1\"",
"obbligatorio=\"DINAMICO\"",
"tipo_mime=\"application/pdf\"/>",
"",
"<meta codice_allegato=\"ALTRI-ALLEGATI\"",
"urn_allegato=\"document:s_italia:altri.allegati\"",
"descrizione_estesa=\"Altri allegati\"",
"filename=\"Altri allegati.pdf\"",
"firmato=\"NO\"",
"istruzioni=\"/modulistica/moduli/ALTRI-ALLEGATI\"",
"name=\"GLOBO_allegato\"",
"numero=\"0\"",
"obbligatorio=\"DINAMICO\"",
"tipo_mime=\"application/pdf\"/>",
"",
"<table class=\"Modulo\" name=\"Allegati\" style=\"border: 1px solid grey\">",
"	<tbody>",
"		<tr class=\"Rigaintestazione\">",
"			<td colspan=\"2\">",
"				<p style=\"text-align: center;\">",
"					<b>",
"						Elenco degli allegati",
"					</b>",
"					<br/>",
"					<span style=\"font-size:70%\">",
"						<i>(barrare tutti gli allegati richiesti in fase di presentazione della pratica ed elencati sul portale)</i>",
"					</span>",
"				</p>",
"			</td>",
"		</tr>",
"		<tr>",
"			<td style=\"vertical-align: top; width: 4%;\">",
"				<input enabled=\"false\" id=\"DAE-CDI\" name=\"DAE-CDI\" type=\"checkbox\" value=\"OBBLIGATORIO\" />",
"			</td>",
"			<td style=\"background-color: #eeeeee;\">",
"				<p>",
"					copia del documento d'identità",
"					<br/>",
"					<span style=\"font-size:70%\">",
"						<i>(da non allegare se l’istanza è presentata in modalità telematica o se la firma autografa è apposta di fronte a un pubblico ufficiale)</i>",
"					</span>",
"				</p>",
"			</td>",
"		</tr>",
"		<tr>",
"			<td style=\"vertical-align: top; width: 4%;\">",
"				<input id=\"ALTRI-ALLEGATI\" name=\"ALTRI-ALLEGATI\" type=\"checkbox\" value=\"OBBLIGATORIO\"/>",
"			</td>",
"			<td style=\"background-color: #eeeeee;\">",
"				<p>",
"					altri allegati",
"					<span style=\"font-size:70%\">(specificare)</span>",
"					<input class=\"\" label=\"Altri allegati\" id=\"AltriAllegati\" mandatory_enabled=\"#ALTRI_ALLEGATI.checked()\" name=\"AltriAllegati\" style=\"width:79%;\"/>",
"				</p>",
"			</td>",
"		</tr>",
"	</tbody>",
"</table>",
"",
"<input id=\"GLOBO_allegato_cDAE-CDI\" name=\"GLOBO_allegato_cDAE-CDI\" obbligatorio=\"#DAE_CDI.checked() ? 'OBBLIGATORIO' : ''\" type=\"hidden\" value=\"\"/>",
"<input id=\"GLOBO_allegato_cALTRI-ALLEGATI\" name=\"GLOBO_allegato_cALTRI-ALLEGATI\" obbligatorio=\"#ALTRI_ALLEGATI.checked() ? 'OBBLIGATORIO' : ''\" type=\"hidden\" value=\"\"/>"
    ],
		"description": "Globo Table Allegati"
},

"Globo Table Allegati Full": {
		"prefix": "tableallegati full",
		"body": [
"<meta codice_modulo_figlio=\"Marca_Bollo\"",
"urn_modulo_figlio=\"document:s_italia:pagamento.imposta.bollo;apposizione.domanda;dichiarazione.sostitutiva\"",
"name=\"GLOBO_modulofiglio\"",
"numero=\"1\"",
"obbligatorio=\"DINAMICO\"/>",
"",
"<meta codice_modulo_figlio=\"STU-EDI-IMM\"",
"urn_modulo_figlio=\"document:s_italia:edilizia.privata;ulteriori.immobili;dichiarazione.sostitutiva\"",
"name=\"GLOBO_modulofiglio\"",
"numero=\"1\"",
"obbligatorio=\"DINAMICO\"/>",
"",
"<meta codice_modulo_figlio=\"STU-EDI-INT\"",
"urn_modulo_figlio=\"document:s_italia:edilizia.privata;ulteriori.intestatari;dichiarazione.sostitutiva\"",
"name=\"GLOBO_modulofiglio\"",
"numero=\"1\"",
"obbligatorio=\"DINAMICO\"/>",
"",
"<meta codice_allegato=\"RIC-DIR-SEG\"",
"urn_allegato=\"document:s_italia:diritti.segreteria.istruttoria;ricevuta\"",
"descrizione_estesa=\"Ricevuta diritti segreteria/istruttoria\"",
"filename=\"Ricev. diritti segreteria.pdf\"",
"firmato=\"NO\"",
"istruzioni=\"/modulistica/moduli/RIC-DIR-SEG\"",
"name=\"GLOBO_allegato\"",
"numero=\"1\"",
"obbligatorio=\"DINAMICO\"",
"tipo_mime=\"application/pdf\"/>",
"",
"<meta codice_allegato=\"PER-SOG\"",
"urn_allegato=\"document:s_italia:generale;permesso.soggiorno;documentazione\"",
"descrizione_estesa=\"Permesso di soggiorno\"",
"filename=\"Permesso soggiorno.pdf\"",
"firmato=\"NO\"",
"istruzioni=\"/modulistica/moduli/PER-SOG\"",
"name=\"GLOBO_allegato\"",
"numero=\"1\"",
"obbligatorio=\"DINAMICO\"",
"tipo_mime=\"application/pdf\"/>",
"",
"<meta codice_allegato=\"DAE-CDI\"",
"urn_allegato=\"document:s_italia:generale;documento.identita;documentazione\"",
"descrizione_estesa=\"Documento di identità\"",
"filename=\"Documento identita.pdf\"",
"firmato=\"NO\"",
"istruzioni=\"/modulistica/moduli/DAE-CDI\"",
"name=\"GLOBO_allegato\"",
"numero=\"1\"",
"obbligatorio=\"DINAMICO\"",
"tipo_mime=\"application/pdf\"/>",
"",
"<meta codice_allegato=\"ALTRI-ALLEGATI\"",
"urn_allegato=\"document:s_italia:altri.allegati\"",
"descrizione_estesa=\"Altri allegati\"",
"filename=\"Altri allegati.pdf\"",
"firmato=\"NO\"",
"istruzioni=\"/modulistica/moduli/ALTRI-ALLEGATI\"",
"name=\"GLOBO_allegato\"",
"numero=\"0\"",
"obbligatorio=\"DINAMICO\"",
"tipo_mime=\"application/pdf\"/>",
"",
"<table class=\"Modulo\" name=\"Allegati\" style=\"border: 1px solid grey\">",
"  <tbody>",
"    <tr class=\"Rigaintestazione\">",
"      <td colspan=\"2\">",
"        <p style=\"text-align: center;\">",
"          <b>",
"            Elenco degli allegati",
"          </b>",
"          <br/>",
"          <span style=\"font-size:70%\">",
"            <i>(barrare tutti gli allegati richiesti in fase di presentazione della pratica ed elencati sul portale)</i>",
"          </span>",
"        </p>",
"      </td>",
"    </tr>",
"    <tr>",
"      <td style=\"vertical-align: top; width: 4%;\">",
"        <input id=\"Marca_Bollo\" name=\"Marca_Bollo\" type=\"checkbox\" value=\"OBBLIGATORIO\" checked=\"checked\" dynamic_check=\"true\"/>",
"      </td>",
"      <td style=\"background-color: #eeeeee;\">",
"        <p>",
"          pagamento dell'imposta di bollo",
"        </p>",
"      </td>",
"    </tr>",
"    <tr>",
"      <td style=\"vertical-align: top; width: 4%;\">",
"        <input id=\"RIC-DIR-SEG\" name=\"RIC-DIR-SEG\" type=\"checkbox\" value=\"OBBLIGATORIO\"/>",
"      </td>",
"      <td style=\"background-color: #eeeeee;\">",
"        <p>",
"          ricevuta di pagamento dei diritti di segreteria<br/>",
"          <span style=\"font-size:70%\">(da allegare se previsti)</span>",
"        </p>",
"      </td>",
"    </tr>",
"    <tr>",
"      <td style=\"vertical-align: top; width: 4%;\">",
"        <input id=\"STU-EDI-INT\" name=\"STU-EDI-INT\" type=\"checkbox\" value=\"OBBLIGATORIO\"/>",
"      </td>",
"      <td style=\"background-color: #eeeeee;\">",
"        <p>",
"          n.",
"          <input class=\"inputNormal\" id=\"NschedeAllegate\" name=\"NschedeAllegate\" style=\"width: 30px;\" label=\"Numero ulteriori intestatari\" format=\"number\" mandatory_enabled=\"#STU_EDI_INT.checked()\">",
"          ulteriori intestatari del procedimento<br/>",
"          <span style=\"font-size: 70%;\"><i>(da allegare se il sottoscrivente è il primo intestatario di altri soggetti)</i></span>",
"        </p>",
"      </td>",
"    </tr>",
"    <tr>",
"      <td style=\"vertical-align: top; width: 4%;\">",
"        <input id=\"STU-EDI-IMM\" name=\"STU-EDI-IMM\" type=\"checkbox\" value=\"OBBLIGATORIO\" enabled=\"(parseInt(#Immobile_NumeroAltriImmobili.value()) / 16) &gt; 0\" dynamic_check=\"(parseInt(#Immobile_NumeroAltriImmobili.value()) / 16) &gt; 0\"/>",
"      </td>",
"      <td style=\"background-color: #eeeeee;\">",
"        <p>",
"          ulteriori immobili oggetto del procedimento",
"        </p>",
"      </td>",
"    </tr>",
"    <tr>",
"      <td style=\"vertical-align: top; width: 4%;\">",
"        <input id=\"PER-SOG\" name=\"PER-SOG\" type=\"checkbox\" value=\"OBBLIGATORIO\" enabled=\"#Titolare_Cittadinanza.element.options[#Titolare_Cittadinanza.element.selectedIndex].parentNode.label == 'NON Unione Europea'\" dynamic_check=\"#Titolare_Cittadinanza.element.options[#Titolare_Cittadinanza.element.selectedIndex].parentNode.label == 'NON Unione Europea'\"/>",
"      </td>",
"      <td style=\"background-color: #eeeeee;\">",
"        <p>",
"          copia del permesso di soggiorno<br/><span style=\"font-size:70%\"><i>(da allegare in caso di cittadino extracomunitario) </i></span>",
"        </p>",
"      </td>",
"    </tr>",
"    <tr>",
"      <td style=\"vertical-align: top; width: 4%;\">",
"        <input enabled=\"false\" id=\"DAE-CDI\" name=\"DAE-CDI\" type=\"checkbox\" value=\"OBBLIGATORIO\"/>",
"      </td>",
"      <td style=\"background-color: #eeeeee;\">",
"        <p>",
"          copia del documento d'identità<br/>",
"          <span style=\"font-size:70%\"><i>(da non allegare se l’istanza è presentata in modalità telematica o se la firma autografa è apposta di fronte a un pubblico ufficiale)</i></span>",
"        </p>",
"      </td>",
"    </tr>",
"    <tr>",
"      <td style=\"vertical-align: top; width: 4%;\">",
"        <input id=\"ALTRI-ALLEGATI\" name=\"ALTRI-ALLEGATI\" type=\"checkbox\" value=\"OBBLIGATORIO\"/>",
"      </td>",
"      <td style=\"background-color: #eeeeee;\">",
"        <p>",
"          altri allegati",
"          <span style=\"font-size:70%\">(specificare)</span>",
"          <input class=\"\" label=\"Altri allegati\" id=\"AltriAllegati\" mandatory_enabled=\"#ALTRI_ALLEGATI.checked()\" name=\"AltriAllegati\" style=\"width:79%;\"/>",
"        </p>",
"      </td>",
"    </tr>",
"  </tbody>",
"</table>",
"",
"<input id=\"GLOBO_modulofiglio_cMarca_Bollo\" name=\"GLOBO_modulofiglio_cMarca_Bollo\" type=\"hidden\" value=\"\" obbligatorio=\"#Marca_Bollo.checked() ? 'OBBLIGATORIO' : ''\"/>",
"<input id=\"GLOBO_modulofiglio_cSTU-EDI-IMM\" name=\"GLOBO_modulofiglio_cSTU-EDI-IMM\" type=\"hidden\" value=\"\" obbligatorio=\"#STU_EDI_IMM.checked() ? 'OBBLIGATORIO' : ''\" numero=\"#Immobile_NumeroUlterioriImmobili.value()\"/>",
"<input id=\"GLOBO_modulofiglio_cSTU-EDI-INT\" name=\"GLOBO_modulofiglio_cSTU-EDI-INT\" type=\"hidden\" value=\"\" obbligatorio=\"#STU_EDI_INT.checked() ? 'OBBLIGATORIO' : ''\" numero=\"#NschedeAllegate.value()\"/>",
"",
"<input id=\"GLOBO_allegato_cRIC-DIR-SEG\" name=\"GLOBO_allegato_cRIC-DIR-SEG\" type=\"hidden\" value=\"\" obbligatorio=\"#RIC_DIR_SEG.checked() ? 'OBBLIGATORIO' : ''\"/>",
"<input id=\"GLOBO_allegato_cPER-SOG\" name=\"GLOBO_allegato_cPER-SOG\" type=\"hidden\" value=\"\" obbligatorio=\"#PER_SOG.checked() ? 'OBBLIGATORIO' : ''\"/>",
"<input id=\"GLOBO_allegato_cDAE-CDI\" name=\"GLOBO_allegato_cDAE-CDI\" type=\"hidden\" value=\"\" obbligatorio=\"#DAE_CDI.checked() ? 'OBBLIGATORIO' : ''\"/>",
"<input id=\"GLOBO_allegato_cALTRI-ALLEGATI\" name=\"GLOBO_allegato_cALTRI-ALLEGATI\" type=\"hidden\" value=\"\" obbligatorio=\"#ALTRI_ALLEGATI.checked() ? 'OBBLIGATORIO' : ''\"/>"
    ],
		"description": "Globo Table Allegati Full"
},

"Globo Meta Allegato 1 - in cima al modulo": {
		"prefix": "metaallegato1",
		"body": [
"<meta codice_allegato=\"${1:CODICE_ALLEGATO}\"",
"urn_allegato=\"\"",
"descrizione_estesa=\"${2:Descrizione allegato}\"",
"filename=\"${3:Filename}.pdf\"",
"firmato=\"SI\"",
"istruzioni=\"/modulistica/moduli/${1:CODICE_ALLEGATO}\"",
"name=\"GLOBO_allegato\"",
"numero=\"0\"",
"obbligatorio=\"DINAMICO\"",
"tipo_mime=\"application/pdf\"/>"
    ],
		"description": "Globo Meta Allegato 1 - in cima al modulo"
},

"Globo Meta Allegato 2 - riga tabella allegati": {
		"prefix": "metaallegato2",
		"body": [
"<tr>",
"	<td style=\"width: 4%; vertical-align: top;\">",
"		<input id=\"${1:CODICE_ALLEGATO}\" name=\"${1:CODICE_ALLEGATO}\" type=\"checkbox\" value=\"OBBLIGATORIO\"/>",
"	</td>",
"	<td style=\"background-color: #eeeeee;\">",
"		<p>",
"			${2:descrizione allegato}",
"		</p>",
"	</td>",
"</tr>"
    ],
		"description": "Globo Meta Allegato 2 - riga tabella allegati"
},

"Globo Meta Allegato 3 - in fondo al modulo": {
		"prefix": "metaallegato3",
		"body": [
"<input id=\"GLOBO_allegato_c${1:CODICE_ALLEGATO}\" name=\"GLOBO_allegato_c${1:CODICE_ALLEGATO}\" type=\"hidden\" value=\"\" obbligatorio=\"#${1:CODICE_ALLEGATO}.checked() ? 'OBBLIGATORIO' : ''\"/>"
    ],
		"description": "Globo Meta Allegato 3 - in fondo al modulo"
},

"Globo Meta Allegato Full": {
		"prefix": "metaallegatofull",
		"body": [
"<meta codice_allegato=\"${1:CODICE_ALLEGATO}\"",
"urn_allegato=\"\"",
"descrizione_estesa=\"${2:Descrizione allegato}\"",
"filename=\"${3:Filename}.pdf\"",
"firmato=\"SI\"",
"istruzioni=\"/modulistica/moduli/${1:CODICE_ALLEGATO}\"",
"name=\"GLOBO_allegato\"",
"numero=\"0\"",
"obbligatorio=\"DINAMICO\"",
"tipo_mime=\"application/pdf\"/>",
"",
"<tr>",
"	<td style=\"width: 4%; vertical-align: top;\">",
"		<input id=\"${1:CODICE_ALLEGATO}\" name=\"${1:CODICE_ALLEGATO}\" type=\"checkbox\" value=\"OBBLIGATORIO\"/>",
"	</td>",
"	<td style=\"background-color: #eeeeee;\">",
"		<p>",
"			${2:descrizione allegato}",
"		</p>",
"	</td>",
"</tr>"
"",
"<input id=\"GLOBO_allegato_c${1:CODICE_ALLEGATO}\" name=\"GLOBO_allegato_c${1:CODICE_ALLEGATO}\" type=\"hidden\" value=\"\" obbligatorio=\"#${1:CODICE_ALLEGATO}.checked() ? 'OBBLIGATORIO' : ''\"/>"
    ],
		"description": "Globo Meta Allegato Full"
},

"Globo Meta Secondario 1 - in cima al modulo": {
		"prefix": "metasecondario1",
		"body": [
"<meta codice_modulo_figlio=\"${1:CODICE_MODULO_SECONDARIO}\"",
"urn_modulo_figlio=\"\"",
"name=\"GLOBO_modulofiglio\"",
"numero=\"1\"",
"obbligatorio=\"DINAMICO\"/>"
    ],
		"description": "Globo Meta Secondario 1 - in cima al modulo"
},

"Globo Meta Secondario 2 - riga tabella allegati": {
		"prefix": "metasecondario2",
		"body": [
"<tr>",
"	<td style=\"width: 4%; vertical-align: top;\">",
"		<input id=\"${1:CODICE_MODULO_SECONDARIO}\" name=\"${1:CODICE_MODULO_SECONDARIO}\" type=\"checkbox\" value=\"OBBLIGATORIO\"/>",
"	</td>",
"	<td style=\"background-color: #eeeeee;\">",
"		<p>",
"			${2:descrizione modulo secondario}",
"		</p>",
"	</td>",
"</tr>"
    ],
		"description": "Globo Meta Secondario 2 - riga tabella allegati"
},

"Globo Meta Secondario 3 - in fondo al modulo": {
		"prefix": "metasecondario3",
		"body": [
"<input id=\"GLOBO_modulofiglio_c${1:CODICE_MODULO_SECONDARIO}\" name=\"GLOBO_modulofiglio_c${1:CODICE_MODULO_SECONDARIO}\" type=\"hidden\" value=\"\" obbligatorio=\"#${1:CODICE_MODULO_SECONDARIO}.checked() ? 'OBBLIGATORIO' : ''\"/>"
    ],
		"description": "Globo Meta Secondario 3 - in fondo al modulo"
},

"Globo Background White": {
		"prefix": "bgw",
		"body": [
"background-color: white;"
    ],
		"description": "Globo Background White"
},

"Dichiara10": {
		"prefix": "dichiara10",
		"body": [
"<table class=\"Modulo\" style=\"border: 1px solid grey;\">",
"  <tbody>",
"    <tr>",
"      <td style=\"vertical-align: top; width: 4%;\">",
"        <input id=\"Dichiara1\" name=\"Dichiara1\" type=\"checkbox\" value=\"SI\" checked=\"checked\" dynamic_check=\"true\"/>",
"      </td>",
"      <td>",
"        <p>",
"          1",
"        </p>",
"      </td>",
"    </tr>",
"    <tr>",
"      <td style=\"vertical-align: top; width: 4%;\">",
"        <input id=\"Dichiara2\" name=\"Dichiara2\" type=\"checkbox\" value=\"SI\" checked=\"checked\" dynamic_check=\"true\"/>",
"      </td>",
"      <td>",
"        <p>",
"          2",
"        </p>",
"      </td>",
"    </tr>",
"    <tr>",
"      <td style=\"vertical-align: top; width: 4%;\">",
"        <input id=\"Dichiara3\" name=\"Dichiara3\" type=\"checkbox\" value=\"SI\" checked=\"checked\" dynamic_check=\"true\"/>",
"      </td>",
"      <td>",
"        <p>",
"          3",
"        </p>",
"      </td>",
"    </tr>",
"    <tr>",
"      <td style=\"vertical-align: top; width: 4%;\">",
"        <input id=\"Dichiara4\" name=\"Dichiara4\" type=\"checkbox\" value=\"SI\" checked=\"checked\" dynamic_check=\"true\"/>",
"      </td>",
"      <td>",
"        <p>",
"          4",
"        </p>",
"      </td>",
"    </tr>",
"    <tr>",
"      <td style=\"vertical-align: top; width: 4%;\">",
"        <input id=\"Dichiara5\" name=\"Dichiara5\" type=\"checkbox\" value=\"SI\" checked=\"checked\" dynamic_check=\"true\"/>",
"      </td>",
"      <td>",
"        <p>",
"          5",
"        </p>",
"      </td>",
"    </tr>",
"    <tr>",
"      <td style=\"vertical-align: top; width: 4%;\">",
"        <input id=\"Dichiara6\" name=\"Dichiara6\" type=\"checkbox\" value=\"SI\" checked=\"checked\" dynamic_check=\"true\"/>",
"      </td>",
"      <td>",
"        <p>",
"          6",
"        </p>",
"      </td>",
"    </tr>",
"    <tr>",
"      <td style=\"vertical-align: top; width: 4%;\">",
"        <input id=\"Dichiara7\" name=\"Dichiara7\" type=\"checkbox\" value=\"SI\" checked=\"checked\" dynamic_check=\"true\"/>",
"      </td>",
"      <td>",
"        <p>",
"          7",
"        </p>",
"      </td>",
"    </tr>",
"    <tr>",
"      <td style=\"vertical-align: top; width: 4%;\">",
"        <input id=\"Dichiara8\" name=\"Dichiara8\" type=\"checkbox\" value=\"SI\" checked=\"checked\" dynamic_check=\"true\"/>",
"      </td>",
"      <td>",
"        <p>",
"          8",
"        </p>",
"      </td>",
"    </tr>",
"    <tr>",
"      <td style=\"vertical-align: top; width: 4%;\">",
"        <input id=\"Dichiara9\" name=\"Dichiara9\" type=\"checkbox\" value=\"SI\" checked=\"checked\" dynamic_check=\"true\"/>",
"      </td>",
"      <td>",
"        <p>",
"          9",
"        </p>",
"      </td>",
"    </tr>",
"    <tr>",
"      <td style=\"vertical-align: top; width: 4%;\">",
"        <input id=\"Dichiara10\" name=\"Dichiara10\" type=\"checkbox\" value=\"SI\" checked=\"checked\" dynamic_check=\"true\"/>",
"      </td>",
"      <td>",
"        <p>",
"          10",
"        </p>",
"      </td>",
"    </tr>",
"  </tbody>",
"</table>"
    ],
		"description": "Dichiara 10"
},

"TableRadio3": {
		"prefix": "tableradio3",
		"body": [
"<table class=\"Modulo\" style=\"border: 1px solid grey;\">",
"  <tbody>",
"    <tr class=\"Rigaintestazione\">",
"      <td colspan=\"2\">",
"        <p class=\"Labeltabella\">",
"          ${3:intestazione}",
"        </p>",
"      </td>",
"    </tr>",
"    <tr>",
"      <td style=\"vertical-align: top; width: 4%;\">",
"        <div id=\"Tassonomia_${1:Codice}\" name=\"Tassonomia_${1:Codice}\" label=\"${2:label}\" mandatory=\"true\"></div>",
"        <input id=\"Tassonomia_${1:Codice}1\" name=\"Tassonomia_${1:Codice}\" type=\"radio\" value=\"1\"/>",
"      </td>",
"      <td>",
"        <p>",
"          testo1",
"        </p>",
"      </td>",
"    </tr>",
"    <tr>",
"      <td style=\"vertical-align: top; width: 4%;\">",
"        <input id=\"Tassonomia_${1:Codice}2\" name=\"Tassonomia_${1:Codice}\" type=\"radio\" value=\"2\"/>",
"      </td>",
"      <td>",
"        <p>",
"          testo2",
"        </p>",
"      </td>",
"    </tr>",
"    <tr>",
"      <td style=\"vertical-align: top; width: 4%;\">",
"        <input id=\"Tassonomia_${1:Codice}3\" name=\"Tassonomia_${1:Codice}\" type=\"radio\" value=\"3\"/>",
"      </td>",
"      <td>",
"        <p>",
"          testo3",
"        </p>",
"      </td>",
"    </tr>",
"  </tbody>",
"</table>"
    ],
		"description": "Table Radio 3"
},

}